0,1,2,3,4,5,6,7,8,9,10,11,12,13,14,15,price
1527.0,2.0,1.5,70.0,324.16502946954813,1.3333333333333333,0.0,0.0,0.0,1.0,0.0,0.0,0.0,0.0,1.0,0.0,495000
2526.0,3.0,2.5,28.0,297.70387965162314,1.2,1.0,0.0,0.0,0.0,0.0,0.0,1.0,0.0,0.0,0.0,752000
1622.0,2.0,1.5,51.0,196.6707768187423,1.3333333333333333,0.0,0.0,1.0,0.0,0.0,0.0,0.0,1.0,0.0,0.0,319000
3102.0,4.0,3.0,21.0,390.07092198581563,1.3333333333333333,0.0,0.0,0.0,0.0,0.0,1.0,1.0,0.0,0.0,0.0,1210000
1835.0,2.0,2.0,44.0,251.77111716621255,1.0,0.0,0.0,0.0,0.0,1.0,0.0,0.0,0.0,1.0,0.0,462000
1742.0,2.0,1.5,63.0,230.195177956372,1.3333333333333333,0.0,0.0,0.0,1.0,0.0,0.0,0.0,0.0,1.0,0.0,401000
2950.0,3.0,2.5,25.0,302.03389830508473,1.2,1.0,0.0,0.0,0.0,0.0,0.0,1.0,0.0,0.0,0.0,891000
1422.0,2.0,1.0,74.0,194.0928270042194,2.0,0.0,0.0,1.0,0.0,0.0,0.0,0.0,1.0,0.0,0.0,276000
3850.0,5.0,4.5,14.0,436.3636363636364,1.1111111111111112,0.0,0.0,0.0,0.0,0.0,1.0,1.0,0.0,0.0,0.0,1680000
2010.0,3.0,2.0,33.0,262.18905472636817,1.5,0.0,0.0,0.0,0.0,1.0,0.0,0.0,0.0,1.0,0.0,527000
1525.0,2.0,1.5,61.0,221.63934426229508,1.3333333333333333,0.0,0.0,0.0,1.0,0.0,0.0,0.0,1.0,0.0,0.0,338000
2230.0,3.0,2.0,40.0,275.7847533632287,1.5,1.0,0.0,0.0,0.0,0.0,0.0,0.0,0.0,1.0,0.0,615000
1650.0,2.0,1.5,68.0,180.6060606060606,1.3333333333333333,0.0,0.0,1.0,0.0,0.0,0.0,0.0,1.0,0.0,0.0,298000
3050.0,4.0,3.5,23.0,373.7704918032787,1.1428571428571428,0.0,0.0,0.0,0.0,0.0,1.0,1.0,0.0,0.0,0.0,1140000
1925.0,3.0,2.0,47.0,250.3896103896104,1.5,0.0,0.0,0.0,0.0,1.0,0.0,0.0,0.0,1.0,0.0,482000
1720.0,2.0,2.0,56.0,247.09302325581396,1.0,0.0,0.0,0.0,1.0,0.0,0.0,0.0,0.0,1.0,0.0,425000
2640.0,3.0,2.5,31.0,276.1363636363636,1.2,1.0,0.0,0.0,0.0,0.0,0.0,1.0,0.0,0.0,0.0,729000
1380.0,2.0,1.0,78.0,181.8840579710145,2.0,0.0,0.0,1.0,0.0,0.0,0.0,0.0,0.0,0.0,1.0,251000
2890.0,4.0,3.0,18.0,307.9584775086505,1.3333333333333333,0.0,1.0,0.0,0.0,0.0,0.0,1.0,0.0,0.0,0.0,890000
2030.0,3.0,2.0,38.0,252.2167487684729,1.5,0.0,0.0,0.0,0.0,1.0,0.0,0.0,0.0,1.0,0.0,512000
1620.0,2.0,1.5,64.0,231.4814814814815,1.3333333333333333,0.0,0.0,0.0,1.0,0.0,0.0,0.0,1.0,0.0,0.0,375000
2150.0,3.0,2.0,44.0,256.74418604651163,1.5,1.0,0.0,0.0,0.0,0.0,0.0,0.0,0.0,1.0,0.0,552000
1750.0,2.0,1.5,54.0,198.85714285714286,1.3333333333333333,0.0,0.0,1.0,0.0,0.0,0.0,0.0,1.0,0.0,0.0,348000
3480.0,4.0,4.0,11.0,396.55172413793105,1.0,0.0,0.0,0.0,0.0,0.0,1.0,1.0,0.0,0.0,0.0,1380000
1980.0,3.0,2.0,46.0,248.4848484848485,1.5,0.0,0.0,0.0,0.0,1.0,0.0,0.0,0.0,1.0,0.0,492000
1830.0,3.0,2.0,51.0,240.43715846994536,1.5,0.0,0.0,0.0,1.0,0.0,0.0,0.0,0.0,1.0,0.0,440000
2420.0,3.0,2.5,36.0,281.8181818181818,1.2,1.0,0.0,0.0,0.0,0.0,0.0,0.0,0.0,1.0,0.0,682000
1450.0,2.0,1.0,76.0,180.0,2.0,0.0,0.0,1.0,0.0,0.0,0.0,0.0,0.0,0.0,1.0,261000
3250.0,4.0,3.5,16.0,384.61538461538464,1.1428571428571428,0.0,0.0,0.0,0.0,0.0,1.0,1.0,0.0,0.0,0.0,1250000
2080.0,3.0,2.5,31.0,257.21153846153845,1.2,0.0,0.0,0.0,0.0,1.0,0.0,0.0,0.0,1.0,0.0,535000
1680.0,2.0,2.0,58.0,236.9047619047619,1.0,0.0,0.0,0.0,1.0,0.0,0.0,0.0,1.0,0.0,0.0,398000
2180.0,3.0,2.0,42.0,269.26605504587155,1.5,1.0,0.0,0.0,0.0,0.0,0.0,0.0,0.0,1.0,0.0,587000
1720.0,2.0,1.5,64.0,188.95348837209303,1.3333333333333333,0.0,0.0,1.0,0.0,0.0,0.0,0.0,1.0,0.0,0.0,325000
3000.0,4.0,3.0,26.0,363.3333333333333,1.3333333333333333,0.0,0.0,0.0,0.0,0.0,1.0,0.0,0.0,1.0,0.0,1090000
1950.0,3.0,2.0,44.0,257.43589743589746,1.5,0.0,0.0,0.0,0.0,1.0,0.0,0.0,0.0,1.0,0.0,502000
1750.0,2.0,2.0,54.0,240.0,1.0,0.0,0.0,0.0,1.0,0.0,0.0,0.0,0.0,1.0,0.0,420000
2550.0,3.0,2.5,34.0,272.54901960784315,1.2,1.0,0.0,0.0,0.0,0.0,0.0,1.0,0.0,0.0,0.0,695000
1480.0,2.0,1.0,73.0,188.51351351351352,2.0,0.0,0.0,1.0,0.0,0.0,0.0,0.0,1.0,0.0,0.0,279000
3680.0,5.0,4.0,8.0,429.3478260869565,1.25,0.0,0.0,0.0,0.0,0.0,1.0,1.0,0.0,0.0,0.0,1580000
2050.0,3.0,2.0,36.0,261.9512195121951,1.5,0.0,0.0,0.0,0.0,1.0,0.0,0.0,0.0,1.0,0.0,537000
1580.0,2.0,1.5,66.0,225.9493670886076,1.3333333333333333,0.0,0.0,0.0,1.0,0.0,0.0,0.0,1.0,0.0,0.0,357000
2200.0,3.0,2.0,41.0,264.54545454545456,1.5,1.0,0.0,0.0,0.0,0.0,0.0,0.0,0.0,1.0,0.0,582000
1680.0,2.0,1.5,67.0,185.71428571428572,1.3333333333333333,0.0,0.0,1.0,0.0,0.0,0.0,0.0,1.0,0.0,0.0,312000
3150.0,4.0,3.5,21.0,371.42857142857144,1.1428571428571428,0.0,0.0,0.0,0.0,0.0,1.0,1.0,0.0,0.0,0.0,1170000
1920.0,3.0,2.0,48.0,247.39583333333334,1.5,0.0,0.0,0.0,0.0,1.0,0.0,0.0,0.0,1.0,0.0,475000
1720.0,2.0,2.0,56.0,241.27906976744185,1.0,0.0,0.0,0.0,1.0,0.0,0.0,0.0,0.0,1.0,0.0,415000
2680.0,3.0,2.5,29.0,279.1044776119403,1.2,1.0,0.0,0.0,0.0,0.0,0.0,1.0,0.0,0.0,0.0,748000
1350.0,2.0,1.0,79.0,184.44444444444446,2.0,0.0,0.0,1.0,0.0,0.0,0.0,0.0,0.0,0.0,1.0,249000
3280.0,4.0,3.5,14.0,390.2439024390244,1.1428571428571428,0.0,0.0,0.0,0.0,0.0,1.0,1.0,0.0,0.0,0.0,1280000
2050.0,3.0,2.0,36.0,253.65853658536585,1.5,0.0,0.0,0.0,0.0,1.0,0.0,0.0,0.0,1.0,0.0,520000
1650.0,2.0,1.5,61.0,230.3030303030303,1.3333333333333333,0.0,0.0,0.0,1.0,0.0,0.0,0.0,1.0,0.0,0.0,380000
2280.0,3.0,2.0,38.0,271.9298245614035,1.5,1.0,0.0,0.0,0.0,0.0,0.0,0.0,0.0,1.0,0.0,620000
1680.0,2.0,1.5,66.0,179.76190476190476,1.3333333333333333,0.0,0.0,1.0,0.0,0.0,0.0,0.0,1.0,0.0,0.0,302000
3520.0,5.0,4.0,9.0,403.40909090909093,1.25,0.0,0.0,0.0,0.0,0.0,1.0,1.0,0.0,0.0,0.0,1420000
1950.0,3.0,2.0,45.0,253.84615384615384,1.5,0.0,0.0,0.0,0.0,1.0,0.0,0.0,0.0,1.0,0.0,495000
1780.0,2.0,2.0,54.0,241.57303370786516,1.0,0.0,0.0,0.0,1.0,0.0,0.0,0.0,0.0,1.0,0.0,430000
2580.0,3.0,2.5,33.0,275.1937984496124,1.2,1.0,0.0,0.0,0.0,0.0,0.0,1.0,0.0,0.0,0.0,710000
1420.0,2.0,1.0,76.0,181.69014084507043,2.0,0.0,0.0,1.0,0.0,0.0,0.0,0.0,0.0,0.0,1.0,258000
2980.0,4.0,3.0,16.0,329.5302013422819,1.3333333333333333,0.0,1.0,0.0,0.0,0.0,0.0,1.0,0.0,0.0,0.0,982000
2100.0,3.0,2.5,34.0,251.9047619047619,1.2,0.0,0.0,0.0,0.0,1.0,0.0,0.0,0.0,1.0,0.0,529000
1620.0,2.0,1.5,64.0,227.1604938271605,1.3333333333333333,0.0,0.0,0.0,1.0,0.0,0.0,0.0,1.0,0.0,0.0,368000
2230.0,3.0,2.0,40.0,266.8161434977578,1.5,1.0,0.0,0.0,0.0,0.0,0.0,0.0,0.0,1.0,0.0,595000
1750.0,2.0,1.5,58.0,191.42857142857142,1.3333333333333333,0.0,0.0,1.0,0.0,0.0,0.0,0.0,1.0,0.0,0.0,335000
3420.0,4.0,4.0,12.0,391.812865497076,1.0,0.0,0.0,0.0,0.0,0.0,1.0,1.0,0.0,0.0,0.0,1340000
1940.0,3.0,2.0,47.0,250.0,1.5,0.0,0.0,0.0,0.0,1.0,0.0,0.0,0.0,1.0,0.0,485000
1760.0,2.0,2.0,55.0,243.1818181818182,1.0,0.0,0.0,0.0,1.0,0.0,0.0,0.0,0.0,1.0,0.0,428000
2450.0,3.0,2.5,35.0,275.51020408163265,1.2,1.0,0.0,0.0,0.0,0.0,0.0,0.0,0.0,1.0,0.0,675000
1480.0,2.0,1.0,74.0,183.78378378378378,2.0,0.0,0.0,1.0,0.0,0.0,0.0,0.0,0.0,0.0,1.0,272000
3220.0,4.0,3.5,18.0,378.88198757763973,1.1428571428571428,0.0,0.0,0.0,0.0,0.0,1.0,1.0,0.0,0.0,0.0,1220000
2120.0,3.0,2.5,29.0,257.07547169811323,1.2,0.0,0.0,0.0,0.0,1.0,0.0,0.0,0.0,1.0,0.0,545000
1650.0,2.0,2.0,60.0,237.57575757575756,1.0,0.0,0.0,0.0,1.0,0.0,0.0,0.0,1.0,0.0,0.0,392000
2150.0,3.0,2.0,43.0,267.4418604651163,1.5,1.0,0.0,0.0,0.0,0.0,0.0,0.0,0.0,1.0,0.0,575000
1700.0,2.0,1.5,65.0,188.23529411764707,1.3333333333333333,0.0,0.0,1.0,0.0,0.0,0.0,0.0,1.0,0.0,0.0,320000
3050.0,4.0,3.0,24.0,367.21311475409834,1.3333333333333333,0.0,0.0,0.0,0.0,0.0,1.0,0.0,0.0,1.0,0.0,1120000
1980.0,3.0,2.0,42.0,257.57575757575756,1.5,0.0,0.0,0.0,0.0,1.0,0.0,0.0,0.0,1.0,0.0,510000
1820.0,3.0,2.0,52.0,240.65934065934067,1.5,0.0,0.0,0.0,1.0,0.0,0.0,0.0,0.0,1.0,0.0,438000
2620.0,3.0,2.5,32.0,278.62595419847327,1.2,1.0,0.0,0.0,0.0,0.0,0.0,1.0,0.0,0.0,0.0,730000
1440.0,2.0,1.0,75.0,183.33333333333334,2.0,0.0,0.0,1.0,0.0,0.0,0.0,0.0,0.0,0.0,1.0,264000
3620.0,5.0,4.0,7.0,419.88950276243094,1.25,0.0,0.0,0.0,0.0,0.0,1.0,1.0,0.0,0.0,0.0,1520000
2080.0,3.0,2.0,35.0,254.80769230769232,1.5,0.0,0.0,0.0,0.0,1.0,0.0,0.0,0.0,1.0,0.0,530000
1640.0,2.0,1.5,63.0,226.82926829268294,1.3333333333333333,0.0,0.0,0.0,1.0,0.0,0.0,0.0,1.0,0.0,0.0,372000
2220.0,3.0,2.0,41.0,266.6666666666667,1.5,1.0,0.0,0.0,0.0,0.0,0.0,0.0,0.0,1.0,0.0,592000
1730.0,2.0,1.5,61.0,189.59537572254337,1.3333333333333333,0.0,0.0,1.0,0.0,0.0,0.0,0.0,1.0,0.0,0.0,328000
3170.0,4.0,3.5,20.0,375.3943217665615,1.1428571428571428,0.0,0.0,0.0,0.0,0.0,1.0,1.0,0.0,0.0,0.0,1190000
6000.0,4.0,1.0,30.0,1516.6666666666667,4.0,0.0,0.0,0.0,1.0,0.0,0.0,0.0,1.0,0.0,0.0,9100000
6600.0,4.0,2.0,41.0,1378.7878787878788,2.0,1.0,0.0,0.0,0.0,0.0,0.0,0.0,0.0,0.0,1.0,9100000
8500.0,3.0,2.0,36.0,1054.1176470588234,1.5,0.0,0.0,0.0,1.0,0.0,0.0,0.0,0.0,1.0,0.0,8960000
4600.0,3.0,2.0,28.0,1932.608695652174,1.5,0.0,0.0,0.0,1.0,0.0,0.0,0.0,0.0,1.0,0.0,8890000
6420.0,3.0,2.0,43.0,1379.2834890965732,1.5,1.0,0.0,0.0,0.0,0.0,0.0,0.0,1.0,0.0,0.0,8855000
4320.0,3.0,1.0,41.0,2025.462962962963,3.0,0.0,0.0,0.0,1.0,0.0,0.0,0.0,1.0,0.0,0.0,8750000
7155.0,3.0,2.0,57.0,1213.1376659678547,1.5,0.0,0.0,0.0,1.0,0.0,0.0,0.0,0.0,0.0,1.0,8680000
8050.0,3.0,1.0,64.0,1073.9130434782608,3.0,0.0,0.0,0.0,1.0,0.0,0.0,1.0,0.0,0.0,0.0,8645000
4560.0,3.0,2.0,24.0,1895.8333333333333,1.5,0.0,0.0,0.0,1.0,0.0,0.0,1.0,0.0,0.0,0.0,8645000
8800.0,3.0,2.0,30.0,974.4318181818181,1.5,0.0,0.0,0.0,1.0,0.0,0.0,0.0,0.0,1.0,0.0,8575000
6540.0,4.0,2.0,36.0,1305.8103975535169,2.0,1.0,0.0,0.0,0.0,0.0,0.0,1.0,0.0,0.0,0.0,8540000
6000.0,3.0,2.0,25.0,1410.5,1.5,1.0,0.0,0.0,0.0,0.0,0.0,0.0,1.0,0.0,0.0,8463000
8875.0,3.0,1.0,39.0,946.4788732394367,3.0,0.0,0.0,0.0,1.0,0.0,0.0,0.0,1.0,0.0,0.0,8400000
7950.0,5.0,2.0,40.0,1056.6037735849056,2.5,0.0,0.0,0.0,1.0,0.0,0.0,0.0,0.0,0.0,1.0,8400000
5500.0,4.0,2.0,44.0,1527.2727272727273,2.0,0.0,0.0,0.0,0.0,1.0,0.0,0.0,1.0,0.0,0.0,8400000
7475.0,3.0,2.0,23.0,1123.7458193979933,1.5,0.0,0.0,0.0,1.0,0.0,0.0,0.0,0.0,0.0,1.0,8400000
7000.0,3.0,1.0,32.0,1200.0,3.0,0.0,0.0,0.0,1.0,0.0,0.0,0.0,1.0,0.0,0.0,8400000
4880.0,4.0,2.0,58.0,1699.795081967213,2.0,1.0,0.0,0.0,0.0,0.0,0.0,0.0,0.0,1.0,0.0,8295000
5960.0,3.0,3.0,39.0,1374.1610738255033,1.0,0.0,0.0,0.0,1.0,0.0,0.0,0.0,0.0,0.0,1.0,8190000
6840.0,5.0,1.0,26.0,1187.1345029239767,5.0,0.0,0.0,0.0,1.0,0.0,0.0,1.0,0.0,0.0,0.0,8120000
7000.0,3.0,2.0,39.0,1154.42,1.5,0.0,0.0,0.0,1.0,0.0,0.0,0.0,0.0,1.0,0.0,8080940
7482.0,3.0,2.0,17.0,1074.979951884523,1.5,0.0,0.0,0.0,0.0,1.0,0.0,0.0,0.0,1.0,0.0,8043000
9000.0,4.0,2.0,8.0,886.6666666666666,2.0,0.0,0.0,0.0,1.0,0.0,0.0,0.0,0.0,1.0,0.0,7980000
6000.0,3.0,1.0,30.0,1327.0833333333333,3.0,0.0,0.0,0.0,1.0,0.0,0.0,0.0,0.0,0.0,1.0,7962500
6000.0,4.0,2.0,16.0,1318.3333333333333,2.0,0.0,0.0,0.0,1.0,0.0,0.0,0.0,1.0,0.0,0.0,7910000
6550.0,3.0,1.0,55.0,1202.2900763358778,3.0,0.0,0.0,0.0,0.0,1.0,0.0,1.0,0.0,0.0,0.0,7875000
6360.0,3.0,2.0,11.0,1232.7044025157234,1.5,0.0,0.0,0.0,0.0,1.0,0.0,0.0,0.0,1.0,0.0,7840000
6480.0,3.0,2.0,13.0,1188.2716049382716,1.5,0.0,0.0,0.0,1.0,0.0,0.0,0.0,0.0,0.0,1.0,7700000
6000.0,4.0,2.0,27.0,1283.3333333333333,2.0,0.0,0.0,0.0,1.0,0.0,0.0,0.0,1.0,0.0,0.0,7700000
6000.0,4.0,2.0,39.0,1260.0,2.0,0.0,0.0,0.0,1.0,0.0,0.0,0.0,0.0,1.0,0.0,7560000
6000.0,3.0,2.0,13.0,1260.0,1.5,0.0,0.0,0.0,1.0,0.0,0.0,0.0,1.0,0.0,0.0,7560000
6000.0,3.0,2.0,24.0,1254.1666666666667,1.5,0.0,0.0,0.0,1.0,0.0,0.0,0.0,0.0,1.0,0.0,7525000
6600.0,3.0,1.0,6.0,1134.8484848484848,3.0,1.0,0.0,0.0,0.0,0.0,0.0,0.0,0.0,1.0,0.0,7490000
4300.0,3.0,2.0,34.0,1733.7209302325582,1.5,0.0,0.0,0.0,1.0,0.0,0.0,0.0,0.0,0.0,1.0,7455000
7440.0,3.0,2.0,40.0,997.3118279569892,1.5,0.0,0.0,0.0,0.0,1.0,0.0,0.0,1.0,0.0,0.0,7420000
7440.0,3.0,2.0,11.0,997.3118279569892,1.5,1.0,0.0,0.0,0.0,0.0,0.0,0.0,0.0,0.0,1.0,7420000
6325.0,3.0,1.0,34.0,1173.1225296442688,3.0,0.0,0.0,0.0,1.0,0.0,0.0,0.0,0.0,0.0,1.0,7420000
6000.0,4.0,2.0,27.0,1225.0,2.0,0.0,0.0,0.0,1.0,0.0,0.0,0.0,0.0,1.0,0.0,7350000
5150.0,3.0,2.0,23.0,1427.1844660194174,1.5,0.0,0.0,0.0,1.0,0.0,0.0,0.0,1.0,0.0,0.0,7350000
6000.0,3.0,2.0,42.0,1225.0,1.5,0.0,0.0,0.0,1.0,0.0,0.0,0.0,1.0,0.0,0.0,7350000
6000.0,3.0,1.0,60.0,1225.0,3.0,0.0,0.0,0.0,1.0,0.0,0.0,0.0,0.0,0.0,1.0,7350000
11440.0,4.0,1.0,40.0,641.8706293706293,4.0,0.0,0.0,0.0,0.0,1.0,0.0,0.0,1.0,0.0,0.0,7343000
9000.0,4.0,2.0,35.0,805.0,2.0,0.0,0.0,0.0,0.0,1.0,0.0,0.0,0.0,1.0,0.0,7245000
7680.0,4.0,2.0,12.0,938.8020833333334,2.0,0.0,0.0,0.0,1.0,0.0,0.0,0.0,1.0,0.0,0.0,7210000
6000.0,3.0,2.0,14.0,1201.6666666666667,1.5,0.0,0.0,0.0,1.0,0.0,0.0,0.0,0.0,1.0,0.0,7210000
6000.0,3.0,2.0,25.0,1190.0,1.5,0.0,0.0,0.0,1.0,0.0,0.0,0.0,1.0,0.0,0.0,7140000
8880.0,2.0,1.0,42.0,796.1711711711712,2.0,0.0,0.0,0.0,1.0,0.0,0.0,0.0,1.0,0.0,0.0,7070000
6240.0,4.0,2.0,47.0,1133.0128205128206,2.0,0.0,0.0,0.0,1.0,0.0,0.0,0.0,0.0,1.0,0.0,7070000
6360.0,4.0,2.0,13.0,1106.132075471698,2.0,0.0,0.0,0.0,0.0,1.0,0.0,0.0,0.0,1.0,0.0,7035000
11175.0,3.0,1.0,55.0,626.3982102908277,3.0,0.0,0.0,0.0,0.0,1.0,0.0,1.0,0.0,0.0,0.0,7000000
8880.0,3.0,2.0,48.0,780.4054054054054,1.5,0.0,0.0,0.0,1.0,0.0,0.0,1.0,0.0,0.0,0.0,6930000
13200.0,2.0,1.0,35.0,525.0,2.0,0.0,0.0,0.0,1.0,0.0,0.0,1.0,0.0,0.0,0.0,6930000
7700.0,3.0,2.0,57.0,895.4545454545455,1.5,0.0,0.0,0.0,1.0,0.0,0.0,0.0,0.0,0.0,1.0,6895000
6000.0,3.0,1.0,68.0,1143.3333333333333,3.0,0.0,0.0,0.0,1.0,0.0,0.0,0.0,0.0,1.0,0.0,6860000
12090.0,4.0,2.0,43.0,561.6211745244003,2.0,0.0,0.0,0.0,0.0,1.0,0.0,0.0,0.0,1.0,0.0,6790000
4000.0,3.0,2.0,30.0,1697.5,1.5,0.0,0.0,0.0,0.0,1.0,0.0,0.0,1.0,0.0,0.0,6790000
6000.0,4.0,2.0,34.0,1125.8333333333333,2.0,0.0,0.0,0.0,1.0,0.0,0.0,0.0,0.0,0.0,1.0,6755000
5020.0,3.0,1.0,23.0,1338.6454183266933,3.0,0.0,0.0,0.0,0.0,1.0,0.0,0.0,0.0,0.0,1.0,6720000
6600.0,2.0,2.0,36.0,1012.8787878787879,1.0,0.0,0.0,0.0,0.0,1.0,0.0,0.0,0.0,1.0,0.0,6685000
4040.0,3.0,1.0,34.0,1646.039603960396,3.0,0.0,0.0,0.0,1.0,0.0,0.0,1.0,0.0,0.0,0.0,6650000
4260.0,4.0,2.0,42.0,1561.0328638497654,2.0,0.0,0.0,0.0,1.0,0.0,0.0,0.0,1.0,0.0,0.0,6650000
6420.0,3.0,2.0,38.0,1035.8255451713396,1.5,1.0,0.0,0.0,0.0,0.0,0.0,0.0,0.0,1.0,0.0,6650000
6500.0,3.0,2.0,42.0,1023.0769230769231,1.5,1.0,0.0,0.0,0.0,0.0,0.0,0.0,0.0,1.0,0.0,6650000
5700.0,3.0,1.0,49.0,1166.6666666666667,3.0,0.0,0.0,0.0,0.0,1.0,0.0,1.0,0.0,0.0,0.0,6650000
6000.0,3.0,2.0,25.0,1108.3333333333333,1.5,0.0,0.0,0.0,1.0,0.0,0.0,0.0,0.0,1.0,0.0,6650000
6000.0,3.0,1.0,24.0,1104.8333333333333,3.0,0.0,0.0,0.0,0.0,1.0,0.0,0.0,1.0,0.0,0.0,6629000
4000.0,3.0,2.0,44.0,1653.75,1.5,0.0,0.0,0.0,1.0,0.0,0.0,0.0,1.0,0.0,0.0,6615000
10500.0,3.0,2.0,65.0,630.0,1.5,0.0,0.0,0.0,0.0,1.0,0.0,1.0,0.0,0.0,0.0,6615000
6000.0,3.0,2.0,8.0,1096.6666666666667,1.5,0.0,0.0,0.0,1.0,0.0,0.0,0.0,1.0,0.0,0.0,6580000
3760.0,3.0,1.0,36.0,1731.3829787234042,3.0,0.0,0.0,0.0,1.0,0.0,0.0,0.0,1.0,0.0,0.0,6510000
8250.0,3.0,2.0,23.0,789.0909090909091,1.5,0.0,0.0,0.0,1.0,0.0,0.0,0.0,0.0,1.0,0.0,6510000
6670.0,3.0,1.0,48.0,976.0119940029984,3.0,1.0,0.0,0.0,0.0,0.0,0.0,0.0,0.0,0.0,1.0,6510000
3960.0,3.0,1.0,59.0,1635.1010101010102,3.0,0.0,0.0,0.0,1.0,0.0,0.0,0.0,1.0,0.0,0.0,6475000
7410.0,3.0,1.0,41.0,873.8191632928475,3.0,0.0,0.0,0.0,0.0,1.0,0.0,0.0,0.0,0.0,1.0,6475000
8580.0,5.0,3.0,28.0,750.5827505827506,1.6666666666666667,0.0,0.0,0.0,1.0,0.0,0.0,0.0,0.0,1.0,0.0,6440000
5000.0,3.0,1.0,44.0,1288.0,3.0,0.0,0.0,0.0,1.0,0.0,0.0,0.0,1.0,0.0,0.0,6440000
6750.0,2.0,1.0,39.0,950.9629629629629,2.0,1.0,0.0,0.0,0.0,0.0,0.0,0.0,0.0,1.0,0.0,6419000
4800.0,3.0,2.0,8.0,1334.375,1.5,0.0,0.0,0.0,1.0,0.0,0.0,0.0,0.0,1.0,0.0,6405000
7200.0,3.0,2.0,56.0,875.0,1.5,0.0,0.0,0.0,1.0,0.0,0.0,0.0,1.0,0.0,0.0,6300000
6000.0,4.0,2.0,6.0,1050.0,2.0,0.0,0.0,0.0,1.0,0.0,0.0,0.0,1.0,0.0,0.0,6300000
4100.0,3.0,2.0,40.0,1536.5853658536585,1.5,0.0,0.0,0.0,1.0,0.0,0.0,0.0,1.0,0.0,0.0,6300000
9000.0,3.0,1.0,62.0,700.0,3.0,1.0,0.0,0.0,0.0,0.0,0.0,0.0,0.0,1.0,0.0,6300000
6400.0,3.0,1.0,44.0,984.375,3.0,1.0,0.0,0.0,0.0,0.0,0.0,0.0,1.0,0.0,0.0,6300000
6600.0,3.0,2.0,26.0,953.4848484848485,1.5,1.0,0.0,0.0,0.0,0.0,0.0,0.0,0.0,0.0,1.0,6293000
6000.0,4.0,1.0,46.0,1044.1666666666667,4.0,1.0,0.0,0.0,0.0,0.0,0.0,0.0,0.0,0.0,1.0,6265000
6600.0,3.0,2.0,38.0,943.939393939394,1.5,0.0,0.0,0.0,0.0,1.0,0.0,0.0,0.0,0.0,1.0,6230000
5500.0,3.0,1.0,44.0,1132.7272727272727,3.0,0.0,0.0,0.0,0.0,1.0,0.0,0.0,0.0,0.0,1.0,6230000
5500.0,3.0,2.0,9.0,1126.3636363636363,1.5,0.0,0.0,0.0,1.0,0.0,0.0,0.0,1.0,0.0,0.0,6195000
6350.0,3.0,2.0,51.0,975.5905511811023,1.5,0.0,0.0,0.0,1.0,0.0,0.0,0.0,0.0,1.0,0.0,6195000
5500.0,3.0,2.0,40.0,1126.3636363636363,1.5,0.0,0.0,0.0,0.0,1.0,0.0,0.0,0.0,1.0,0.0,6195000
4500.0,3.0,1.0,10.0,1368.888888888889,3.0,0.0,0.0,0.0,1.0,0.0,0.0,0.0,0.0,0.0,1.0,6160000
5450.0,4.0,2.0,40.0,1130.2752293577983,2.0,0.0,0.0,0.0,0.0,1.0,0.0,0.0,1.0,0.0,0.0,6160000
6420.0,3.0,1.0,25.0,954.0498442367601,3.0,0.0,0.0,0.0,0.0,1.0,0.0,0.0,0.0,0.0,1.0,6125000
3240.0,4.0,1.0,33.0,1885.030864197531,4.0,0.0,0.0,0.0,1.0,0.0,0.0,0.0,1.0,0.0,0.0,6107500
6615.0,4.0,2.0,33.0,920.6349206349206,2.0,0.0,0.0,0.0,1.0,0.0,0.0,0.0,1.0,0.0,0.0,6090000
6600.0,3.0,1.0,60.0,922.7272727272727,3.0,1.0,0.0,0.0,0.0,0.0,0.0,0.0,1.0,0.0,0.0,6090000
8372.0,3.0,1.0,20.0,727.4247491638796,3.0,0.0,0.0,0.0,1.0,0.0,0.0,0.0,0.0,0.0,1.0,6090000
4300.0,6.0,2.0,39.0,1414.6511627906978,3.0,0.0,0.0,0.0,1.0,0.0,0.0,0.0,0.0,1.0,0.0,6083000
9620.0,3.0,1.0,53.0,632.3284823284823,3.0,0.0,0.0,0.0,0.0,1.0,0.0,0.0,0.0,1.0,0.0,6083000
6800.0,2.0,1.0,51.0,885.2941176470588,2.0,0.0,0.0,0.0,1.0,0.0,0.0,0.0,0.0,1.0,0.0,6020000
8000.0,3.0,1.0,49.0,752.5,3.0,0.0,0.0,0.0,0.0,1.0,0.0,0.0,1.0,0.0,0.0,6020000
6900.0,3.0,2.0,70.0,872.463768115942,1.5,1.0,0.0,0.0,0.0,0.0,0.0,0.0,0.0,0.0,1.0,6020000
3700.0,4.0,1.0,56.0,1608.1081081081081,4.0,0.0,0.0,0.0,1.0,0.0,0.0,0.0,0.0,1.0,0.0,5950000
6420.0,3.0,1.0,62.0,926.791277258567,3.0,0.0,0.0,0.0,0.0,1.0,0.0,1.0,0.0,0.0,0.0,5950000
7020.0,3.0,1.0,67.0,847.5783475783476,3.0,1.0,0.0,0.0,0.0,0.0,0.0,0.0,1.0,0.0,0.0,5950000
6540.0,3.0,1.0,54.0,909.7859327217126,3.0,0.0,0.0,0.0,0.0,1.0,0.0,0.0,0.0,1.0,0.0,5950000
7231.0,3.0,1.0,35.0,822.8460793804453,3.0,1.0,0.0,0.0,0.0,0.0,0.0,0.0,1.0,0.0,0.0,5950000
6254.0,4.0,2.0,45.0,951.3911096897986,2.0,0.0,0.0,0.0,0.0,1.0,0.0,0.0,1.0,0.0,0.0,5950000
7320.0,4.0,2.0,43.0,812.8415300546449,2.0,0.0,0.0,0.0,1.0,0.0,0.0,0.0,0.0,1.0,0.0,5950000
6525.0,3.0,2.0,7.0,911.8773946360153,1.5,0.0,0.0,0.0,1.0,0.0,0.0,0.0,0.0,1.0,0.0,5950000
15600.0,3.0,1.0,49.0,380.96153846153845,3.0,0.0,0.0,0.0,1.0,0.0,0.0,0.0,1.0,0.0,0.0,5943000
7160.0,3.0,1.0,68.0,821.2290502793296,3.0,0.0,0.0,0.0,0.0,1.0,0.0,0.0,0.0,0.0,1.0,5880000
6500.0,3.0,2.0,21.0,904.6153846153846,1.5,0.0,0.0,0.0,1.0,0.0,0.0,0.0,0.0,0.0,1.0,5880000
5500.0,3.0,1.0,29.0,1067.8181818181818,3.0,0.0,0.0,0.0,1.0,0.0,0.0,0.0,0.0,1.0,0.0,5873000
11460.0,3.0,1.0,26.0,512.478184991274,3.0,1.0,0.0,0.0,0.0,0.0,0.0,0.0,1.0,0.0,0.0,5873000
4800.0,3.0,1.0,49.0,1222.0833333333333,3.0,0.0,0.0,0.0,1.0,0.0,0.0,0.0,0.0,0.0,1.0,5866000
5828.0,4.0,1.0,19.0,996.9114619080302,4.0,0.0,0.0,0.0,1.0,0.0,0.0,0.0,1.0,0.0,0.0,5810000
5200.0,3.0,1.0,48.0,1117.3076923076924,3.0,0.0,0.0,0.0,1.0,0.0,0.0,0.0,1.0,0.0,0.0,5810000
4800.0,3.0,1.0,29.0,1210.4166666666667,3.0,0.0,0.0,0.0,1.0,0.0,0.0,0.0,0.0,0.0,1.0,5810000
7000.0,3.0,1.0,40.0,829.0,3.0,1.0,0.0,0.0,0.0,0.0,0.0,0.0,1.0,0.0,0.0,5803000
6000.0,3.0,2.0,29.0,962.5,1.5,0.0,0.0,0.0,1.0,0.0,0.0,0.0,0.0,0.0,1.0,5775000
5400.0,4.0,2.0,37.0,1062.962962962963,2.0,0.0,0.0,0.0,1.0,0.0,0.0,0.0,0.0,0.0,1.0,5740000
4640.0,4.0,1.0,60.0,1237.0689655172414,4.0,0.0,0.0,0.0,1.0,0.0,0.0,0.0,1.0,0.0,0.0,5740000
5000.0,3.0,1.0,38.0,1148.0,3.0,0.0,0.0,0.0,1.0,0.0,0.0,0.0,1.0,0.0,0.0,5740000
6360.0,3.0,1.0,54.0,902.5157232704403,3.0,1.0,0.0,0.0,0.0,0.0,0.0,1.0,0.0,0.0,0.0,5740000
5800.0,3.0,2.0,3.0,989.6551724137931,1.5,0.0,0.0,0.0,1.0,0.0,0.0,0.0,0.0,0.0,1.0,5740000
6660.0,4.0,2.0,53.0,848.7237237237238,2.0,1.0,0.0,0.0,0.0,0.0,0.0,0.0,1.0,0.0,0.0,5652500
10500.0,4.0,2.0,50.0,533.3333333333334,2.0,0.0,0.0,0.0,1.0,0.0,0.0,0.0,1.0,0.0,0.0,5600000
4800.0,5.0,2.0,35.0,1166.6666666666667,2.5,0.0,0.0,1.0,0.0,0.0,0.0,0.0,0.0,0.0,1.0,5600000
4700.0,4.0,1.0,22.0,1191.4893617021276,4.0,0.0,0.0,0.0,1.0,0.0,0.0,1.0,0.0,0.0,0.0,5600000
5000.0,3.0,1.0,7.0,1120.0,3.0,0.0,0.0,0.0,1.0,0.0,0.0,0.0,0.0,1.0,0.0,5600000
10500.0,2.0,1.0,70.0,533.3333333333334,2.0,0.0,0.0,0.0,1.0,0.0,0.0,0.0,1.0,0.0,0.0,5600000
5500.0,3.0,2.0,52.0,1018.1818181818181,1.5,0.0,0.0,0.0,1.0,0.0,0.0,0.0,1.0,0.0,0.0,5600000
6360.0,3.0,1.0,19.0,880.503144654088,3.0,1.0,0.0,0.0,0.0,0.0,0.0,0.0,1.0,0.0,0.0,5600000
6600.0,4.0,2.0,69.0,848.4848484848485,2.0,1.0,0.0,0.0,0.0,0.0,0.0,0.0,1.0,0.0,0.0,5600000
5136.0,3.0,1.0,27.0,1090.342679127726,3.0,1.0,0.0,0.0,0.0,0.0,0.0,0.0,0.0,0.0,1.0,5600000
4400.0,4.0,1.0,50.0,1264.7727272727273,4.0,1.0,0.0,0.0,0.0,0.0,0.0,0.0,1.0,0.0,0.0,5565000
5400.0,5.0,1.0,25.0,1030.5555555555557,5.0,0.0,0.0,0.0,0.0,1.0,0.0,1.0,0.0,0.0,0.0,5565000
3300.0,3.0,3.0,50.0,1675.7575757575758,1.0,0.0,0.0,0.0,1.0,0.0,0.0,0.0,1.0,0.0,0.0,5530000
3650.0,3.0,2.0,44.0,1515.0684931506848,1.5,0.0,0.0,0.0,1.0,0.0,0.0,0.0,1.0,0.0,0.0,5530000
6100.0,3.0,2.0,45.0,906.5573770491803,1.5,0.0,0.0,0.0,0.0,1.0,0.0,0.0,0.0,1.0,0.0,5530000
6900.0,3.0,1.0,66.0,800.4347826086956,3.0,1.0,0.0,0.0,0.0,0.0,0.0,0.0,1.0,0.0,0.0,5523000
2817.0,4.0,2.0,39.0,1950.6567270145545,2.0,0.0,0.0,1.0,0.0,0.0,0.0,0.0,0.0,1.0,0.0,5495000
7980.0,3.0,1.0,51.0,688.5964912280701,3.0,0.0,0.0,0.0,1.0,0.0,0.0,0.0,1.0,0.0,0.0,5495000
3150.0,3.0,2.0,40.0,1733.3333333333333,1.5,0.0,0.0,0.0,1.0,0.0,0.0,1.0,0.0,0.0,0.0,5460000
6210.0,4.0,1.0,3.0,879.2270531400966,4.0,0.0,0.0,0.0,1.0,0.0,0.0,0.0,0.0,1.0,0.0,5460000
6100.0,3.0,1.0,25.0,895.0819672131148,3.0,0.0,0.0,0.0,0.0,1.0,0.0,0.0,1.0,0.0,0.0,5460000
6600.0,4.0,2.0,45.0,827.2727272727273,2.0,0.0,0.0,0.0,0.0,1.0,0.0,0.0,1.0,0.0,0.0,5460000
6825.0,3.0,1.0,55.0,794.8717948717949,3.0,0.0,0.0,0.0,0.0,1.0,0.0,0.0,1.0,0.0,0.0,5425000
6710.0,3.0,2.0,45.0,803.2786885245902,1.5,0.0,0.0,0.0,0.0,1.0,0.0,0.0,0.0,1.0,0.0,5390000
6450.0,3.0,2.0,39.0,834.5736434108527,1.5,0.0,0.0,0.0,1.0,0.0,0.0,0.0,0.0,0.0,1.0,5383000
7800.0,3.0,1.0,59.0,682.0512820512821,3.0,1.0,0.0,0.0,0.0,0.0,0.0,0.0,0.0,0.0,1.0,5320000
4600.0,2.0,2.0,65.0,1148.9130434782608,1.0,0.0,0.0,0.0,1.0,0.0,0.0,0.0,1.0,0.0,0.0,5285000
4260.0,4.0,1.0,48.0,1232.394366197183,4.0,0.0,0.0,0.0,1.0,0.0,0.0,1.0,0.0,0.0,0.0,5250000
6540.0,4.0,2.0,61.0,802.7522935779816,2.0,0.0,0.0,1.0,0.0,0.0,0.0,0.0,1.0,0.0,0.0,5250000
5500.0,3.0,2.0,67.0,954.5454545454545,1.5,0.0,0.0,0.0,1.0,0.0,0.0,0.0,1.0,0.0,0.0,5250000
10269.0,3.0,1.0,68.0,511.2474437627812,3.0,0.0,0.0,0.0,0.0,1.0,0.0,0.0,1.0,0.0,0.0,5250000
8400.0,3.0,1.0,31.0,625.0,3.0,1.0,0.0,0.0,0.0,0.0,0.0,0.0,0.0,0.0,1.0,5250000
5300.0,4.0,2.0,43.0,990.566037735849,2.0,0.0,0.0,0.0,0.0,1.0,0.0,0.0,0.0,0.0,1.0,5250000
3800.0,3.0,1.0,34.0,1381.578947368421,3.0,0.0,0.0,0.0,0.0,1.0,0.0,0.0,0.0,0.0,1.0,5250000
9800.0,4.0,2.0,43.0,535.7142857142857,2.0,0.0,0.0,0.0,1.0,0.0,0.0,0.0,1.0,0.0,0.0,5250000
8520.0,3.0,1.0,43.0,616.1971830985915,3.0,0.0,0.0,0.0,1.0,0.0,0.0,0.0,0.0,1.0,0.0,5250000
6050.0,3.0,1.0,65.0,866.6115702479339,3.0,0.0,0.0,0.0,0.0,1.0,0.0,0.0,1.0,0.0,0.0,5243000
7085.0,3.0,1.0,35.0,738.0381086803105,3.0,1.0,0.0,0.0,0.0,0.0,0.0,0.0,1.0,0.0,0.0,5229000
3180.0,3.0,2.0,41.0,1639.937106918239,1.5,0.0,0.0,0.0,1.0,0.0,0.0,0.0,1.0,0.0,0.0,5215000
4500.0,4.0,2.0,34.0,1158.888888888889,2.0,0.0,0.0,1.0,0.0,0.0,0.0,0.0,1.0,0.0,0.0,5215000
7200.0,3.0,1.0,55.0,724.3055555555555,3.0,0.0,0.0,0.0,0.0,1.0,0.0,0.0,0.0,1.0,0.0,5215000
3410.0,3.0,1.0,42.0,1508.7976539589442,3.0,0.0,0.0,1.0,0.0,0.0,0.0,0.0,1.0,0.0,0.0,5145000
7980.0,3.0,1.0,44.0,644.7368421052631,3.0,1.0,0.0,0.0,0.0,0.0,0.0,0.0,1.0,0.0,0.0,5145000
3000.0,3.0,2.0,42.0,1703.3333333333333,1.5,0.0,0.0,0.0,1.0,0.0,0.0,0.0,0.0,1.0,0.0,5110000
3000.0,3.0,1.0,44.0,1703.3333333333333,3.0,0.0,0.0,0.0,1.0,0.0,0.0,0.0,0.0,0.0,1.0,5110000
11410.0,2.0,1.0,55.0,447.85276073619633,2.0,0.0,0.0,0.0,0.0,1.0,0.0,0.0,0.0,1.0,0.0,5110000
6100.0,3.0,1.0,56.0,837.7049180327868,3.0,1.0,0.0,0.0,0.0,0.0,0.0,0.0,1.0,0.0,0.0,5110000
5720.0,2.0,1.0,52.0,887.2377622377622,2.0,0.0,0.0,0.0,0.0,1.0,0.0,0.0,0.0,0.0,1.0,5075000
3540.0,2.0,1.0,59.0,1423.7288135593221,2.0,0.0,0.0,1.0,0.0,0.0,0.0,0.0,1.0,0.0,0.0,5040000
7600.0,4.0,1.0,34.0,663.1578947368421,4.0,0.0,0.0,0.0,1.0,0.0,0.0,0.0,0.0,1.0,0.0,5040000
10700.0,3.0,1.0,36.0,471.02803738317755,3.0,0.0,0.0,0.0,1.0,0.0,0.0,0.0,1.0,0.0,0.0,5040000
6600.0,3.0,1.0,47.0,763.6363636363636,3.0,1.0,0.0,0.0,0.0,0.0,0.0,0.0,0.0,1.0,0.0,5040000
4800.0,2.0,1.0,57.0,1048.5416666666667,2.0,0.0,0.0,0.0,1.0,0.0,0.0,0.0,1.0,0.0,0.0,5033000
8150.0,3.0,2.0,33.0,614.1104294478528,1.5,0.0,0.0,0.0,1.0,0.0,0.0,0.0,1.0,0.0,0.0,5005000
4410.0,4.0,3.0,58.0,1126.984126984127,1.3333333333333333,0.0,0.0,0.0,1.0,0.0,0.0,0.0,1.0,0.0,0.0,4970000
7686.0,3.0,1.0,58.0,646.6302367941712,3.0,0.0,0.0,0.0,1.0,0.0,0.0,0.0,1.0,0.0,0.0,4970000
2800.0,3.0,2.0,57.0,1770.0,1.5,0.0,0.0,1.0,0.0,0.0,0.0,0.0,1.0,0.0,0.0,4956000
5948.0,3.0,1.0,48.0,829.6906523201076,3.0,0.0,0.0,0.0,1.0,0.0,0.0,0.0,1.0,0.0,0.0,4935000
4200.0,3.0,1.0,23.0,1168.3333333333333,3.0,0.0,0.0,0.0,1.0,0.0,0.0,0.0,0.0,1.0,0.0,4907000
4520.0,3.0,1.0,47.0,1084.070796460177,3.0,0.0,0.0,0.0,1.0,0.0,0.0,0.0,1.0,0.0,0.0,4900000
4095.0,3.0,1.0,25.0,1196.5811965811965,3.0,0.0,0.0,1.0,0.0,0.0,0.0,0.0,1.0,0.0,0.0,4900000
4120.0,2.0,1.0,52.0,1189.3203883495146,2.0,0.0,0.0,0.0,1.0,0.0,0.0,0.0,1.0,0.0,0.0,4900000
5400.0,4.0,1.0,34.0,907.4074074074074,4.0,0.0,0.0,0.0,1.0,0.0,0.0,0.0,1.0,0.0,0.0,4900000
4770.0,3.0,1.0,53.0,1027.2536687631027,3.0,0.0,0.0,0.0,1.0,0.0,0.0,0.0,1.0,0.0,0.0,4900000
6300.0,3.0,1.0,61.0,777.7777777777778,3.0,0.0,0.0,0.0,1.0,0.0,0.0,0.0,1.0,0.0,0.0,4900000
5800.0,2.0,1.0,41.0,844.8275862068965,2.0,0.0,0.0,0.0,1.0,0.0,0.0,0.0,1.0,0.0,0.0,4900000
3000.0,3.0,1.0,23.0,1633.3333333333333,3.0,0.0,0.0,0.0,1.0,0.0,0.0,0.0,1.0,0.0,0.0,4900000
2970.0,3.0,1.0,41.0,1649.8316498316499,3.0,0.0,0.0,0.0,1.0,0.0,0.0,0.0,1.0,0.0,0.0,4900000
6720.0,3.0,1.0,40.0,729.1666666666666,3.0,0.0,0.0,0.0,1.0,0.0,0.0,0.0,0.0,0.0,1.0,4900000
4646.0,3.0,1.0,51.0,1054.6706844597504,3.0,0.0,0.0,0.0,1.0,0.0,0.0,0.0,1.0,0.0,0.0,4900000
12900.0,3.0,1.0,43.0,379.84496124031006,3.0,0.0,0.0,0.0,1.0,0.0,0.0,0.0,0.0,1.0,0.0,4900000
3420.0,4.0,2.0,30.0,1430.701754385965,2.0,0.0,0.0,0.0,1.0,0.0,0.0,0.0,1.0,0.0,0.0,4893000
4995.0,4.0,2.0,54.0,979.5795795795796,2.0,0.0,0.0,0.0,1.0,0.0,0.0,0.0,1.0,0.0,0.0,4893000
4350.0,2.0,1.0,42.0,1118.3908045977012,2.0,0.0,0.0,0.0,1.0,0.0,0.0,0.0,0.0,0.0,1.0,4865000
4160.0,3.0,1.0,41.0,1161.0576923076924,3.0,0.0,0.0,0.0,1.0,0.0,0.0,0.0,0.0,0.0,1.0,4830000
6040.0,3.0,1.0,68.0,799.6688741721854,3.0,1.0,0.0,0.0,0.0,0.0,0.0,0.0,1.0,0.0,0.0,4830000
6862.0,3.0,1.0,58.0,703.8764208685515,3.0,0.0,0.0,0.0,0.0,1.0,0.0,0.0,0.0,1.0,0.0,4830000
4815.0,2.0,1.0,54.0,1003.1152647975077,2.0,1.0,0.0,0.0,0.0,0.0,0.0,0.0,1.0,0.0,0.0,4830000
7000.0,3.0,1.0,25.0,685.0,3.0,0.0,0.0,0.0,1.0,0.0,0.0,0.0,0.0,0.0,1.0,4795000
8100.0,4.0,1.0,36.0,591.9753086419753,4.0,0.0,0.0,0.0,1.0,0.0,0.0,0.0,1.0,0.0,0.0,4795000
3420.0,4.0,2.0,43.0,1393.859649122807,2.0,0.0,0.0,0.0,1.0,0.0,0.0,0.0,1.0,0.0,0.0,4767000
9166.0,2.0,1.0,43.0,519.3104953087498,2.0,0.0,0.0,0.0,1.0,0.0,0.0,0.0,1.0,0.0,0.0,4760000
6321.0,3.0,1.0,53.0,753.0454042081949,3.0,0.0,0.0,0.0,1.0,0.0,0.0,1.0,0.0,0.0,0.0,4760000
10240.0,2.0,1.0,43.0,464.84375,2.0,0.0,0.0,0.0,0.0,1.0,0.0,0.0,0.0,0.0,1.0,4760000
6440.0,2.0,1.0,59.0,738.0434782608696,2.0,0.0,0.0,0.0,1.0,0.0,0.0,0.0,1.0,0.0,0.0,4753000
5170.0,3.0,1.0,9.0,907.1566731141199,3.0,0.0,0.0,0.0,1.0,0.0,0.0,0.0,1.0,0.0,0.0,4690000
6000.0,2.0,1.0,48.0,781.6666666666666,2.0,0.0,0.0,0.0,1.0,0.0,0.0,1.0,0.0,0.0,0.0,4690000
3630.0,3.0,1.0,40.0,1292.0110192837465,3.0,0.0,0.0,0.0,1.0,0.0,0.0,0.0,1.0,0.0,0.0,4690000
9667.0,4.0,2.0,54.0,485.15568428674874,2.0,0.0,0.0,0.0,1.0,0.0,0.0,0.0,1.0,0.0,0.0,4690000
5400.0,2.0,1.0,43.0,868.5185185185185,2.0,0.0,0.0,0.0,0.0,1.0,0.0,0.0,1.0,0.0,0.0,4690000
4320.0,3.0,1.0,37.0,1085.648148148148,3.0,0.0,0.0,0.0,0.0,1.0,0.0,0.0,1.0,0.0,0.0,4690000
3745.0,3.0,1.0,61.0,1242.9906542056074,3.0,0.0,0.0,0.0,1.0,0.0,0.0,0.0,0.0,1.0,0.0,4655000
4160.0,3.0,1.0,41.0,1110.576923076923,3.0,0.0,0.0,0.0,1.0,0.0,0.0,0.0,0.0,0.0,1.0,4620000
3880.0,3.0,2.0,42.0,1190.721649484536,1.5,0.0,0.0,0.0,1.0,0.0,0.0,0.0,1.0,0.0,0.0,4620000
5680.0,3.0,1.0,33.0,813.3802816901408,3.0,0.0,0.0,0.0,1.0,0.0,0.0,0.0,1.0,0.0,0.0,4620000
2870.0,2.0,1.0,35.0,1609.7560975609756,2.0,0.0,0.0,0.0,0.0,1.0,0.0,0.0,1.0,0.0,0.0,4620000
5010.0,3.0,1.0,44.0,922.1556886227545,3.0,0.0,0.0,0.0,1.0,0.0,0.0,0.0,1.0,0.0,0.0,4620000
4510.0,4.0,2.0,49.0,1022.8381374722838,2.0,0.0,0.0,0.0,1.0,0.0,0.0,0.0,1.0,0.0,0.0,4613000
4000.0,3.0,1.0,36.0,1146.25,3.0,0.0,0.0,0.0,1.0,0.0,0.0,0.0,0.0,1.0,0.0,4585000
3840.0,3.0,1.0,56.0,1194.0104166666667,3.0,0.0,0.0,0.0,0.0,1.0,0.0,0.0,1.0,0.0,0.0,4585000
3760.0,3.0,1.0,48.0,1210.1063829787233,3.0,0.0,0.0,0.0,1.0,0.0,0.0,0.0,1.0,0.0,0.0,4550000
3640.0,3.0,1.0,58.0,1250.0,3.0,0.0,0.0,0.0,1.0,0.0,0.0,0.0,0.0,1.0,0.0,4550000
2550.0,3.0,1.0,36.0,1784.313725490196,3.0,0.0,0.0,0.0,1.0,0.0,0.0,0.0,0.0,1.0,0.0,4550000
5320.0,3.0,1.0,36.0,855.2631578947369,3.0,0.0,0.0,0.0,0.0,1.0,0.0,0.0,1.0,0.0,0.0,4550000
5360.0,3.0,1.0,58.0,848.8805970149253,3.0,0.0,0.0,0.0,0.0,1.0,0.0,0.0,0.0,0.0,1.0,4550000
3520.0,3.0,1.0,41.0,1292.6136363636363,3.0,0.0,0.0,0.0,0.0,1.0,0.0,0.0,1.0,0.0,0.0,4550000
8400.0,4.0,1.0,25.0,541.6666666666666,4.0,0.0,0.0,0.0,1.0,0.0,0.0,0.0,0.0,0.0,1.0,4550000
4100.0,2.0,2.0,40.0,1108.0487804878048,1.0,0.0,0.0,0.0,1.0,0.0,0.0,0.0,1.0,0.0,0.0,4543000
4990.0,4.0,2.0,60.0,910.4208416833667,2.0,0.0,0.0,0.0,0.0,1.0,0.0,0.0,0.0,1.0,0.0,4543000
3510.0,3.0,1.0,44.0,1286.3247863247864,3.0,0.0,0.0,0.0,1.0,0.0,0.0,0.0,1.0,0.0,0.0,4515000
3450.0,3.0,1.0,42.0,1308.695652173913,3.0,0.0,0.0,0.0,1.0,0.0,0.0,0.0,1.0,0.0,0.0,4515000
9860.0,3.0,1.0,64.0,457.9107505070994,3.0,0.0,0.0,0.0,1.0,0.0,0.0,0.0,1.0,0.0,0.0,4515000
3520.0,2.0,1.0,48.0,1282.6704545454545,2.0,0.0,0.0,0.0,0.0,1.0,0.0,0.0,0.0,1.0,0.0,4515000
4510.0,4.0,1.0,35.0,993.3481152993348,4.0,0.0,0.0,0.0,1.0,0.0,0.0,0.0,1.0,0.0,0.0,4480000
5885.0,2.0,1.0,66.0,761.2574341546305,2.0,0.0,0.0,0.0,1.0,0.0,0.0,0.0,0.0,0.0,1.0,4480000
4000.0,3.0,1.0,34.0,1120.0,3.0,0.0,0.0,0.0,1.0,0.0,0.0,0.0,0.0,1.0,0.0,4480000
8250.0,3.0,1.0,67.0,543.030303030303,3.0,0.0,0.0,0.0,1.0,0.0,0.0,0.0,0.0,1.0,0.0,4480000
4040.0,3.0,1.0,54.0,1108.9108910891089,3.0,0.0,0.0,0.0,1.0,0.0,0.0,0.0,1.0,0.0,0.0,4480000
6360.0,2.0,1.0,48.0,703.3018867924528,2.0,0.0,0.0,0.0,1.0,0.0,0.0,1.0,0.0,0.0,0.0,4473000
3162.0,3.0,1.0,30.0,1414.6110056925995,3.0,0.0,0.0,0.0,1.0,0.0,0.0,0.0,0.0,1.0,0.0,4473000
3510.0,3.0,1.0,55.0,1274.3589743589744,3.0,0.0,0.0,0.0,1.0,0.0,0.0,0.0,1.0,0.0,0.0,4473000
3750.0,2.0,1.0,60.0,1185.3333333333333,2.0,0.0,0.0,0.0,1.0,0.0,0.0,0.0,1.0,0.0,0.0,4445000
3968.0,3.0,1.0,24.0,1111.391129032258,3.0,0.0,0.0,1.0,0.0,0.0,0.0,0.0,1.0,0.0,0.0,4410000
4900.0,2.0,1.0,22.0,900.0,2.0,0.0,0.0,0.0,1.0,0.0,0.0,0.0,1.0,0.0,0.0,4410000
2880.0,3.0,1.0,38.0,1528.8194444444443,3.0,0.0,0.0,0.0,0.0,1.0,0.0,0.0,1.0,0.0,0.0,4403000
4880.0,3.0,1.0,54.0,902.2540983606557,3.0,1.0,0.0,0.0,0.0,0.0,0.0,0.0,0.0,0.0,1.0,4403000
4920.0,3.0,1.0,48.0,894.9186991869918,3.0,0.0,0.0,0.0,1.0,0.0,0.0,0.0,1.0,0.0,0.0,4403000
4950.0,4.0,1.0,37.0,885.2525252525253,4.0,0.0,0.0,0.0,1.0,0.0,0.0,0.0,1.0,0.0,0.0,4382000
3900.0,3.0,1.0,38.0,1121.7948717948718,3.0,0.0,0.0,0.0,1.0,0.0,0.0,0.0,0.0,0.0,1.0,4375000
4500.0,3.0,2.0,40.0,964.4444444444445,1.5,0.0,0.0,0.0,1.0,0.0,0.0,0.0,0.0,1.0,0.0,4340000
1905.0,5.0,1.0,61.0,2278.215223097113,5.0,0.0,0.0,1.0,0.0,0.0,0.0,0.0,1.0,0.0,0.0,4340000
4075.0,3.0,1.0,65.0,1065.0306748466257,3.0,0.0,0.0,0.0,1.0,0.0,0.0,0.0,1.0,0.0,0.0,4340000
3500.0,4.0,1.0,23.0,1240.0,4.0,0.0,0.0,0.0,1.0,0.0,0.0,0.0,0.0,1.0,0.0,4340000
6450.0,4.0,1.0,45.0,672.8682170542636,4.0,0.0,0.0,0.0,1.0,0.0,0.0,0.0,1.0,0.0,0.0,4340000
4032.0,2.0,1.0,52.0,1071.1805555555557,2.0,0.0,0.0,0.0,1.0,0.0,0.0,0.0,0.0,1.0,0.0,4319000
4400.0,2.0,1.0,53.0,978.4090909090909,2.0,0.0,0.0,0.0,1.0,0.0,0.0,0.0,1.0,0.0,0.0,4305000
10360.0,2.0,1.0,40.0,415.5405405405405,2.0,1.0,0.0,0.0,0.0,0.0,0.0,0.0,1.0,0.0,0.0,4305000
3400.0,3.0,1.0,59.0,1257.9411764705883,3.0,0.0,0.0,0.0,0.0,1.0,0.0,0.0,1.0,0.0,0.0,4277000
6360.0,2.0,1.0,68.0,671.3836477987421,2.0,0.0,0.0,0.0,1.0,0.0,0.0,0.0,0.0,1.0,0.0,4270000
6360.0,2.0,1.0,50.0,671.3836477987421,2.0,0.0,0.0,0.0,1.0,0.0,0.0,0.0,0.0,0.0,1.0,4270000
4500.0,2.0,1.0,52.0,948.8888888888889,2.0,0.0,0.0,0.0,1.0,0.0,0.0,0.0,0.0,1.0,0.0,4270000
2175.0,3.0,1.0,35.0,1963.2183908045977,3.0,0.0,0.0,1.0,0.0,0.0,0.0,0.0,0.0,0.0,1.0,4270000
4360.0,4.0,1.0,42.0,979.3577981651376,4.0,0.0,0.0,0.0,1.0,0.0,0.0,0.0,0.0,1.0,0.0,4270000
7770.0,2.0,1.0,54.0,549.5495495495495,2.0,0.0,0.0,0.0,1.0,0.0,0.0,0.0,0.0,1.0,0.0,4270000
6650.0,3.0,1.0,24.0,636.8421052631579,3.0,0.0,0.0,0.0,1.0,0.0,0.0,0.0,1.0,0.0,0.0,4235000
2787.0,3.0,1.0,65.0,1519.5550771438823,3.0,0.0,0.0,0.0,0.0,1.0,0.0,0.0,0.0,1.0,0.0,4235000
5500.0,3.0,1.0,39.0,763.6363636363636,3.0,0.0,0.0,0.0,1.0,0.0,0.0,0.0,0.0,0.0,1.0,4200000
5040.0,3.0,1.0,40.0,833.3333333333334,3.0,0.0,0.0,0.0,1.0,0.0,0.0,0.0,0.0,0.0,1.0,4200000
5850.0,2.0,1.0,53.0,717.9487179487179,2.0,0.0,0.0,0.0,1.0,0.0,0.0,0.0,1.0,0.0,0.0,4200000
2610.0,4.0,3.0,29.0,1609.1954022988505,1.3333333333333333,0.0,0.0,1.0,0.0,0.0,0.0,0.0,1.0,0.0,0.0,4200000
2953.0,3.0,1.0,51.0,1422.2824246528953,3.0,0.0,0.0,0.0,1.0,0.0,0.0,0.0,0.0,0.0,1.0,4200000
2747.0,4.0,2.0,23.0,1528.9406625409538,2.0,0.0,0.0,1.0,0.0,0.0,0.0,0.0,1.0,0.0,0.0,4200000
4410.0,2.0,1.0,58.0,952.3809523809524,2.0,0.0,0.0,1.0,0.0,0.0,0.0,0.0,0.0,0.0,1.0,4200000
4000.0,4.0,2.0,40.0,1050.0,2.0,0.0,0.0,1.0,0.0,0.0,0.0,0.0,1.0,0.0,0.0,4200000
2325.0,3.0,1.0,41.0,1806.4516129032259,3.0,0.0,0.0,1.0,0.0,0.0,0.0,0.0,1.0,0.0,0.0,4200000
4600.0,3.0,2.0,28.0,913.0434782608696,1.5,0.0,0.0,0.0,1.0,0.0,0.0,0.0,1.0,0.0,0.0,4200000
3640.0,3.0,2.0,44.0,1153.8461538461538,1.5,0.0,0.0,0.0,1.0,0.0,0.0,0.0,0.0,0.0,1.0,4200000
5800.0,3.0,1.0,60.0,724.1379310344828,3.0,0.0,0.0,0.0,1.0,0.0,0.0,0.0,1.0,0.0,0.0,4200000
7000.0,3.0,1.0,71.0,600.0,3.0,0.0,0.0,0.0,1.0,0.0,0.0,0.0,0.0,1.0,0.0,4200000
4079.0,3.0,1.0,37.0,1029.6641333660211,3.0,0.0,0.0,0.0,1.0,0.0,0.0,0.0,1.0,0.0,0.0,4200000
3520.0,3.0,1.0,28.0,1193.1818181818182,3.0,0.0,0.0,0.0,0.0,1.0,0.0,0.0,1.0,0.0,0.0,4200000
2145.0,3.0,1.0,51.0,1958.041958041958,3.0,0.0,0.0,0.0,0.0,1.0,0.0,0.0,0.0,0.0,1.0,4200000
4500.0,3.0,1.0,36.0,933.3333333333334,3.0,0.0,0.0,0.0,1.0,0.0,0.0,0.0,0.0,1.0,0.0,4200000
8250.0,3.0,1.0,50.0,508.24242424242425,3.0,0.0,0.0,0.0,1.0,0.0,0.0,0.0,1.0,0.0,0.0,4193000
3450.0,3.0,1.0,56.0,1215.3623188405797,3.0,0.0,0.0,0.0,1.0,0.0,0.0,0.0,1.0,0.0,0.0,4193000
4840.0,3.0,1.0,49.0,860.5371900826447,3.0,0.0,0.0,0.0,1.0,0.0,0.0,0.0,1.0,0.0,0.0,4165000
4080.0,3.0,1.0,39.0,1020.8333333333334,3.0,0.0,0.0,0.0,1.0,0.0,0.0,0.0,1.0,0.0,0.0,4165000
4046.0,3.0,1.0,49.0,1029.4117647058824,3.0,0.0,0.0,0.0,1.0,0.0,0.0,0.0,1.0,0.0,0.0,4165000
4632.0,4.0,1.0,57.0,891.6234887737478,4.0,0.0,0.0,0.0,1.0,0.0,0.0,0.0,1.0,0.0,0.0,4130000
5985.0,3.0,1.0,45.0,690.0584795321637,3.0,0.0,0.0,0.0,1.0,0.0,0.0,0.0,1.0,0.0,0.0,4130000
6060.0,2.0,1.0,45.0,680.3630363036303,2.0,0.0,0.0,0.0,1.0,0.0,0.0,0.0,1.0,0.0,0.0,4123000
3600.0,3.0,1.0,67.0,1138.4722222222222,3.0,0.0,0.0,0.0,0.0,1.0,0.0,1.0,0.0,0.0,0.0,4098500
3680.0,3.0,2.0,50.0,1112.7717391304348,1.5,0.0,0.0,0.0,1.0,0.0,0.0,0.0,1.0,0.0,0.0,4095000
4040.0,2.0,1.0,52.0,1013.6138613861386,2.0,0.0,0.0,0.0,1.0,0.0,0.0,0.0,1.0,0.0,0.0,4095000
5600.0,2.0,1.0,45.0,731.25,2.0,0.0,0.0,0.0,1.0,0.0,0.0,0.0,1.0,0.0,0.0,4095000
5900.0,4.0,2.0,32.0,688.1355932203389,2.0,0.0,0.0,1.0,0.0,0.0,0.0,0.0,0.0,0.0,1.0,4060000
4992.0,3.0,2.0,32.0,813.3012820512821,1.5,0.0,0.0,0.0,1.0,0.0,0.0,0.0,0.0,0.0,1.0,4060000
4340.0,3.0,1.0,34.0,935.483870967742,3.0,0.0,0.0,0.0,1.0,0.0,0.0,0.0,1.0,0.0,0.0,4060000
3000.0,4.0,1.0,21.0,1353.3333333333333,4.0,0.0,0.0,0.0,1.0,0.0,0.0,0.0,1.0,0.0,0.0,4060000
4320.0,3.0,1.0,49.0,939.8148148148148,3.0,0.0,0.0,0.0,0.0,1.0,0.0,0.0,0.0,1.0,0.0,4060000
3630.0,3.0,2.0,57.0,1108.8154269972451,1.5,0.0,0.0,0.0,1.0,0.0,0.0,0.0,1.0,0.0,0.0,4025000
3460.0,3.0,2.0,47.0,1163.2947976878613,1.5,0.0,0.0,0.0,1.0,0.0,0.0,1.0,0.0,0.0,0.0,4025000
5400.0,3.0,1.0,35.0,745.3703703703703,3.0,0.0,0.0,0.0,1.0,0.0,0.0,0.0,1.0,0.0,0.0,4025000
4500.0,3.0,1.0,22.0,890.5555555555555,3.0,0.0,0.0,1.0,0.0,0.0,0.0,0.0,1.0,0.0,0.0,4007500
3460.0,4.0,1.0,52.0,1158.236994219653,4.0,0.0,0.0,0.0,1.0,0.0,0.0,0.0,1.0,0.0,0.0,4007500
4100.0,4.0,1.0,62.0,973.170731707317,4.0,0.0,0.0,1.0,0.0,0.0,0.0,0.0,0.0,0.0,1.0,3990000
6480.0,3.0,1.0,60.0,615.7407407407408,3.0,0.0,0.0,1.0,0.0,0.0,0.0,0.0,1.0,0.0,0.0,3990000
4500.0,3.0,2.0,56.0,886.6666666666666,1.5,0.0,0.0,1.0,0.0,0.0,0.0,0.0,1.0,0.0,0.0,3990000
3960.0,3.0,1.0,39.0,1007.5757575757576,3.0,0.0,0.0,0.0,1.0,0.0,0.0,0.0,0.0,1.0,0.0,3990000
4050.0,2.0,1.0,40.0,985.1851851851852,2.0,0.0,0.0,0.0,0.0,1.0,0.0,0.0,0.0,0.0,1.0,3990000
7260.0,3.0,2.0,57.0,539.9449035812672,1.5,0.0,0.0,0.0,1.0,0.0,0.0,0.0,0.0,1.0,0.0,3920000
5500.0,4.0,1.0,49.0,712.7272727272727,4.0,0.0,0.0,0.0,1.0,0.0,0.0,0.0,1.0,0.0,0.0,3920000
3000.0,3.0,1.0,28.0,1306.6666666666667,3.0,0.0,0.0,0.0,1.0,0.0,0.0,0.0,1.0,0.0,0.0,3920000
3290.0,2.0,1.0,53.0,1191.4893617021276,2.0,0.0,0.0,0.0,1.0,0.0,0.0,0.0,0.0,1.0,0.0,3920000
3816.0,2.0,1.0,39.0,1027.2536687631027,2.0,0.0,0.0,0.0,1.0,0.0,0.0,1.0,0.0,0.0,0.0,3920000
8080.0,3.0,1.0,33.0,485.1485148514852,3.0,0.0,0.0,0.0,1.0,0.0,0.0,0.0,1.0,0.0,0.0,3920000
2145.0,4.0,2.0,59.0,1827.5058275058275,2.0,0.0,0.0,0.0,0.0,1.0,0.0,0.0,0.0,0.0,1.0,3920000
3780.0,2.0,1.0,53.0,1027.7777777777778,2.0,0.0,0.0,0.0,1.0,0.0,0.0,0.0,1.0,0.0,0.0,3885000
3180.0,4.0,2.0,23.0,1221.698113207547,2.0,0.0,0.0,0.0,1.0,0.0,0.0,0.0,0.0,1.0,0.0,3885000
5300.0,5.0,2.0,36.0,726.4150943396227,2.5,0.0,0.0,0.0,1.0,0.0,0.0,0.0,1.0,0.0,0.0,3850000
3180.0,2.0,2.0,60.0,1210.691823899371,1.0,0.0,0.0,0.0,1.0,0.0,0.0,0.0,1.0,0.0,0.0,3850000
7152.0,3.0,1.0,37.0,538.3109619686801,3.0,0.0,0.0,0.0,1.0,0.0,0.0,0.0,0.0,1.0,0.0,3850000
4080.0,2.0,1.0,51.0,943.6274509803922,2.0,0.0,0.0,0.0,1.0,0.0,0.0,0.0,1.0,0.0,0.0,3850000
3850.0,2.0,1.0,35.0,1000.0,2.0,0.0,0.0,0.0,1.0,0.0,0.0,0.0,1.0,0.0,0.0,3850000
2015.0,3.0,1.0,51.0,1910.6699751861042,3.0,1.0,0.0,0.0,0.0,0.0,0.0,0.0,1.0,0.0,0.0,3850000
2176.0,2.0,1.0,22.0,1769.3014705882354,2.0,0.0,0.0,0.0,0.0,1.0,0.0,0.0,1.0,0.0,0.0,3850000
3350.0,3.0,1.0,24.0,1145.0746268656717,3.0,0.0,0.0,0.0,1.0,0.0,0.0,0.0,0.0,0.0,1.0,3836000
3150.0,2.0,2.0,64.0,1211.111111111111,1.0,0.0,0.0,1.0,0.0,0.0,0.0,0.0,1.0,0.0,0.0,3815000
4820.0,3.0,1.0,55.0,784.2323651452282,3.0,0.0,0.0,0.0,1.0,0.0,0.0,0.0,1.0,0.0,0.0,3780000
3420.0,2.0,1.0,40.0,1105.2631578947369,2.0,0.0,0.0,0.0,1.0,0.0,0.0,0.0,1.0,0.0,0.0,3780000
3600.0,2.0,1.0,70.0,1050.0,2.0,0.0,0.0,0.0,1.0,0.0,0.0,0.0,1.0,0.0,0.0,3780000
5830.0,2.0,1.0,60.0,648.3704974271012,2.0,0.0,0.0,0.0,1.0,0.0,0.0,0.0,0.0,0.0,1.0,3780000
2856.0,3.0,1.0,34.0,1323.5294117647059,3.0,1.0,0.0,0.0,0.0,0.0,0.0,0.0,0.0,1.0,0.0,3780000
8400.0,2.0,1.0,33.0,450.0,2.0,0.0,0.0,0.0,1.0,0.0,0.0,0.0,0.0,1.0,0.0,3780000
8250.0,3.0,1.0,32.0,457.3333333333333,3.0,0.0,0.0,0.0,1.0,0.0,0.0,0.0,0.0,1.0,0.0,3773000
2520.0,5.0,2.0,65.0,1497.2222222222222,2.5,0.0,0.0,1.0,0.0,0.0,0.0,1.0,0.0,0.0,0.0,3773000
6930.0,4.0,1.0,26.0,544.4444444444445,4.0,0.0,0.0,1.0,0.0,0.0,0.0,0.0,0.0,1.0,0.0,3773000
3480.0,2.0,1.0,68.0,1076.1494252873563,2.0,0.0,0.0,0.0,0.0,1.0,0.0,0.0,1.0,0.0,0.0,3745000
3600.0,3.0,1.0,42.0,1030.5555555555557,3.0,0.0,0.0,0.0,1.0,0.0,0.0,0.0,0.0,0.0,1.0,3710000
4040.0,2.0,1.0,38.0,918.3168316831683,2.0,0.0,0.0,0.0,1.0,0.0,0.0,0.0,1.0,0.0,0.0,3710000
6020.0,3.0,1.0,36.0,616.2790697674419,3.0,0.0,0.0,0.0,1.0,0.0,0.0,0.0,1.0,0.0,0.0,3710000
4050.0,2.0,1.0,63.0,916.0493827160494,2.0,0.0,0.0,0.0,1.0,0.0,0.0,0.0,0.0,1.0,0.0,3710000
3584.0,2.0,1.0,36.0,1035.15625,2.0,0.0,0.0,0.0,1.0,0.0,0.0,0.0,1.0,0.0,0.0,3710000
3120.0,3.0,1.0,57.0,1186.8589743589744,3.0,0.0,0.0,1.0,0.0,0.0,0.0,0.0,1.0,0.0,0.0,3703000
5450.0,2.0,1.0,51.0,679.4495412844037,2.0,0.0,0.0,0.0,1.0,0.0,0.0,0.0,0.0,1.0,0.0,3703000
3630.0,2.0,1.0,53.0,1012.396694214876,2.0,0.0,0.0,0.0,1.0,0.0,0.0,0.0,0.0,1.0,0.0,3675000
3630.0,2.0,1.0,59.0,1012.396694214876,2.0,0.0,0.0,0.0,1.0,0.0,0.0,0.0,0.0,0.0,1.0,3675000
5640.0,2.0,1.0,71.0,651.5957446808511,2.0,0.0,0.0,1.0,0.0,0.0,0.0,0.0,1.0,0.0,0.0,3675000
3600.0,2.0,1.0,41.0,1020.8333333333334,2.0,0.0,0.0,0.0,1.0,0.0,0.0,0.0,0.0,1.0,0.0,3675000
4280.0,2.0,1.0,58.0,850.4672897196261,2.0,0.0,0.0,0.0,1.0,0.0,0.0,0.0,1.0,0.0,0.0,3640000
3570.0,3.0,1.0,35.0,1019.6078431372549,3.0,0.0,0.0,0.0,1.0,0.0,0.0,0.0,1.0,0.0,0.0,3640000
3180.0,3.0,1.0,45.0,1144.6540880503144,3.0,0.0,0.0,1.0,0.0,0.0,0.0,0.0,1.0,0.0,0.0,3640000
3000.0,2.0,1.0,47.0,1213.3333333333333,2.0,0.0,0.0,0.0,1.0,0.0,0.0,0.0,0.0,1.0,0.0,3640000
3520.0,2.0,2.0,36.0,1034.090909090909,1.0,0.0,0.0,0.0,1.0,0.0,0.0,0.0,1.0,0.0,0.0,3640000
5960.0,3.0,1.0,58.0,610.738255033557,3.0,0.0,0.0,0.0,1.0,0.0,0.0,0.0,0.0,0.0,1.0,3640000
4130.0,3.0,2.0,32.0,881.3559322033898,1.5,0.0,0.0,0.0,1.0,0.0,0.0,0.0,1.0,0.0,0.0,3640000
2850.0,3.0,2.0,32.0,1277.1929824561403,1.5,0.0,1.0,0.0,0.0,0.0,0.0,0.0,0.0,0.0,1.0,3640000
2275.0,3.0,1.0,36.0,1600.0,3.0,1.0,0.0,0.0,0.0,0.0,0.0,0.0,1.0,0.0,0.0,3640000
3520.0,3.0,1.0,61.0,1032.1022727272727,3.0,0.0,0.0,0.0,0.0,1.0,0.0,0.0,0.0,0.0,1.0,3633000
4500.0,2.0,1.0,71.0,801.1111111111111,2.0,0.0,0.0,0.0,1.0,0.0,0.0,0.0,1.0,0.0,0.0,3605000
4000.0,2.0,1.0,34.0,901.25,2.0,1.0,0.0,0.0,0.0,0.0,0.0,0.0,1.0,0.0,0.0,3605000
3150.0,3.0,1.0,24.0,1133.3333333333333,3.0,0.0,0.0,0.0,1.0,0.0,0.0,0.0,0.0,1.0,0.0,3570000
4500.0,4.0,2.0,52.0,793.3333333333334,2.0,0.0,0.0,0.0,1.0,0.0,0.0,0.0,0.0,1.0,0.0,3570000
4500.0,2.0,1.0,70.0,793.3333333333334,2.0,0.0,0.0,1.0,0.0,0.0,0.0,0.0,0.0,1.0,0.0,3570000
3640.0,2.0,1.0,67.0,980.7692307692307,2.0,0.0,0.0,0.0,1.0,0.0,0.0,0.0,0.0,0.0,1.0,3570000
3850.0,3.0,1.0,69.0,918.1818181818181,3.0,0.0,0.0,0.0,1.0,0.0,0.0,0.0,0.0,0.0,1.0,3535000
4240.0,3.0,1.0,28.0,825.4716981132076,3.0,0.0,0.0,0.0,1.0,0.0,0.0,0.0,1.0,0.0,0.0,3500000
3650.0,3.0,1.0,26.0,958.9041095890411,3.0,0.0,0.0,0.0,1.0,0.0,0.0,0.0,0.0,0.0,1.0,3500000
4600.0,4.0,1.0,55.0,760.8695652173913,4.0,0.0,0.0,0.0,1.0,0.0,0.0,0.0,1.0,0.0,0.0,3500000
2135.0,3.0,2.0,32.0,1639.344262295082,1.5,0.0,0.0,1.0,0.0,0.0,0.0,0.0,0.0,0.0,1.0,3500000
3036.0,3.0,1.0,54.0,1152.832674571805,3.0,0.0,0.0,0.0,1.0,0.0,0.0,0.0,1.0,0.0,0.0,3500000
3990.0,3.0,1.0,47.0,877.1929824561404,3.0,0.0,0.0,0.0,1.0,0.0,0.0,0.0,1.0,0.0,0.0,3500000
7424.0,3.0,1.0,48.0,471.4439655172414,3.0,0.0,0.0,1.0,0.0,0.0,0.0,0.0,0.0,0.0,1.0,3500000
3480.0,3.0,1.0,43.0,1005.7471264367816,3.0,0.0,0.0,1.0,0.0,0.0,0.0,0.0,0.0,0.0,1.0,3500000
3600.0,6.0,1.0,27.0,972.2222222222222,6.0,0.0,0.0,0.0,1.0,0.0,0.0,0.0,0.0,0.0,1.0,3500000
3640.0,2.0,1.0,70.0,961.5384615384615,2.0,0.0,0.0,0.0,1.0,0.0,0.0,0.0,1.0,0.0,0.0,3500000
5900.0,2.0,1.0,64.0,593.2203389830509,2.0,0.0,0.0,0.0,1.0,0.0,0.0,0.0,0.0,1.0,0.0,3500000
3120.0,3.0,1.0,50.0,1121.7948717948718,3.0,0.0,0.0,0.0,1.0,0.0,0.0,0.0,0.0,0.0,1.0,3500000
7350.0,2.0,1.0,59.0,476.1904761904762,2.0,0.0,0.0,0.0,1.0,0.0,0.0,0.0,1.0,0.0,0.0,3500000
3512.0,2.0,1.0,32.0,996.5831435079726,2.0,0.0,0.0,0.0,0.0,1.0,0.0,0.0,0.0,0.0,1.0,3500000
9500.0,3.0,1.0,30.0,368.42105263157896,3.0,0.0,0.0,0.0,0.0,1.0,0.0,0.0,0.0,0.0,1.0,3500000
5880.0,2.0,1.0,59.0,595.2380952380952,2.0,0.0,0.0,0.0,1.0,0.0,0.0,0.0,0.0,0.0,1.0,3500000
12944.0,3.0,1.0,33.0,270.39555006180467,3.0,0.0,0.0,0.0,1.0,0.0,0.0,0.0,0.0,0.0,1.0,3500000
4900.0,3.0,1.0,42.0,712.8571428571429,3.0,0.0,0.0,1.0,0.0,0.0,0.0,0.0,0.0,0.0,1.0,3493000
3060.0,3.0,1.0,51.0,1132.3529411764705,3.0,0.0,0.0,0.0,1.0,0.0,0.0,0.0,0.0,0.0,1.0,3465000
5320.0,2.0,1.0,54.0,651.3157894736842,2.0,1.0,0.0,0.0,0.0,0.0,0.0,0.0,0.0,0.0,1.0,3465000
2145.0,3.0,1.0,46.0,1615.3846153846155,3.0,0.0,0.0,0.0,0.0,1.0,0.0,0.0,0.0,1.0,0.0,3465000
4000.0,2.0,1.0,34.0,857.5,2.0,0.0,0.0,0.0,1.0,0.0,0.0,0.0,0.0,0.0,1.0,3430000
3185.0,2.0,1.0,71.0,1076.923076923077,2.0,0.0,0.0,0.0,1.0,0.0,0.0,0.0,0.0,0.0,1.0,3430000
3850.0,3.0,1.0,65.0,890.9090909090909,3.0,0.0,0.0,0.0,1.0,0.0,0.0,0.0,0.0,0.0,1.0,3430000
2145.0,3.0,1.0,42.0,1599.067599067599,3.0,1.0,0.0,0.0,0.0,0.0,0.0,0.0,0.0,1.0,0.0,3430000
2610.0,3.0,1.0,50.0,1314.176245210728,3.0,0.0,0.0,0.0,0.0,1.0,0.0,0.0,0.0,0.0,1.0,3430000
1950.0,3.0,2.0,56.0,1758.974358974359,1.5,1.0,0.0,0.0,0.0,0.0,0.0,0.0,0.0,0.0,1.0,3430000
4040.0,2.0,1.0,71.0,847.2772277227723,2.0,0.0,0.0,0.0,1.0,0.0,0.0,0.0,0.0,0.0,1.0,3423000
4785.0,3.0,1.0,34.0,709.5088819226751,3.0,0.0,0.0,0.0,1.0,0.0,0.0,1.0,0.0,0.0,0.0,3395000
3450.0,3.0,1.0,33.0,984.0579710144928,3.0,0.0,0.0,0.0,1.0,0.0,0.0,0.0,0.0,0.0,1.0,3395000
3640.0,2.0,1.0,67.0,932.6923076923077,2.0,0.0,0.0,0.0,1.0,0.0,0.0,0.0,0.0,1.0,0.0,3395000
3500.0,4.0,1.0,50.0,960.0,4.0,0.0,0.0,0.0,1.0,0.0,0.0,0.0,0.0,0.0,1.0,3360000
4960.0,4.0,1.0,31.0,677.4193548387096,4.0,0.0,0.0,1.0,0.0,0.0,0.0,0.0,1.0,0.0,0.0,3360000
4120.0,2.0,1.0,24.0,815.5339805825242,2.0,0.0,0.0,0.0,1.0,0.0,0.0,0.0,0.0,0.0,1.0,3360000
4750.0,2.0,1.0,44.0,707.3684210526316,2.0,0.0,0.0,0.0,1.0,0.0,0.0,0.0,0.0,0.0,1.0,3360000
3720.0,2.0,1.0,41.0,903.2258064516129,2.0,0.0,0.0,1.0,0.0,0.0,0.0,0.0,0.0,0.0,1.0,3360000
3750.0,3.0,1.0,48.0,896.0,3.0,0.0,0.0,0.0,1.0,0.0,0.0,0.0,0.0,0.0,1.0,3360000
3100.0,3.0,1.0,45.0,1083.8709677419354,3.0,0.0,0.0,1.0,0.0,0.0,0.0,0.0,1.0,0.0,0.0,3360000
3185.0,2.0,1.0,64.0,1054.9450549450548,2.0,0.0,0.0,0.0,1.0,0.0,0.0,0.0,0.0,1.0,0.0,3360000
2700.0,3.0,1.0,37.0,1241.851851851852,3.0,0.0,0.0,1.0,0.0,0.0,0.0,0.0,0.0,1.0,0.0,3353000
2145.0,3.0,1.0,29.0,1553.3799533799533,3.0,1.0,0.0,0.0,0.0,0.0,0.0,0.0,0.0,1.0,0.0,3332000
4040.0,2.0,1.0,70.0,823.019801980198,2.0,0.0,0.0,0.0,1.0,0.0,0.0,0.0,0.0,0.0,1.0,3325000
4775.0,4.0,1.0,33.0,696.3350785340314,4.0,0.0,0.0,0.0,1.0,0.0,0.0,0.0,0.0,0.0,1.0,3325000
2500.0,2.0,1.0,68.0,1316.0,2.0,0.0,0.0,1.0,0.0,0.0,0.0,0.0,0.0,0.0,1.0,3290000
3180.0,4.0,1.0,32.0,1034.5911949685535,4.0,0.0,0.0,0.0,1.0,0.0,0.0,0.0,0.0,0.0,1.0,3290000
6060.0,3.0,1.0,38.0,542.9042904290429,3.0,0.0,0.0,0.0,1.0,0.0,0.0,0.0,0.0,1.0,0.0,3290000
3480.0,4.0,1.0,56.0,945.4022988505748,4.0,0.0,0.0,1.0,0.0,0.0,0.0,0.0,1.0,0.0,0.0,3290000
3792.0,4.0,1.0,44.0,867.6160337552743,4.0,0.0,0.0,0.0,1.0,0.0,0.0,0.0,1.0,0.0,0.0,3290000
4040.0,2.0,1.0,67.0,814.3564356435644,2.0,0.0,0.0,0.0,1.0,0.0,0.0,0.0,0.0,0.0,1.0,3290000
2145.0,3.0,1.0,39.0,1533.7995337995337,3.0,0.0,0.0,0.0,0.0,1.0,0.0,0.0,0.0,1.0,0.0,3290000
5880.0,3.0,1.0,34.0,559.5238095238095,3.0,0.0,0.0,0.0,1.0,0.0,0.0,0.0,0.0,0.0,1.0,3290000
4500.0,2.0,1.0,68.0,723.3333333333334,2.0,0.0,0.0,1.0,0.0,0.0,0.0,0.0,1.0,0.0,0.0,3255000
3930.0,2.0,1.0,56.0,828.2442748091603,2.0,0.0,0.0,1.0,0.0,0.0,0.0,0.0,0.0,0.0,1.0,3255000
3640.0,4.0,1.0,23.0,888.4615384615385,4.0,0.0,0.0,0.0,1.0,0.0,0.0,0.0,0.0,0.0,1.0,3234000
4370.0,3.0,1.0,49.0,736.8421052631579,3.0,0.0,0.0,0.0,1.0,0.0,0.0,0.0,0.0,0.0,1.0,3220000
2684.0,2.0,1.0,66.0,1199.7019374068554,2.0,0.0,0.0,0.0,1.0,0.0,0.0,0.0,0.0,0.0,1.0,3220000
4320.0,3.0,1.0,52.0,745.3703703703703,3.0,0.0,0.0,1.0,0.0,0.0,0.0,0.0,0.0,0.0,1.0,3220000
3120.0,3.0,1.0,41.0,1032.051282051282,3.0,0.0,0.0,1.0,0.0,0.0,0.0,0.0,0.0,1.0,0.0,3220000
3450.0,1.0,1.0,45.0,913.0434782608696,1.0,0.0,0.0,0.0,1.0,0.0,0.0,0.0,0.0,1.0,0.0,3150000
3986.0,2.0,2.0,59.0,790.2659307576517,1.0,0.0,0.0,1.0,0.0,0.0,0.0,0.0,0.0,0.0,1.0,3150000
3500.0,2.0,1.0,33.0,900.0,2.0,0.0,0.0,1.0,0.0,0.0,0.0,0.0,1.0,0.0,0.0,3150000
4095.0,2.0,1.0,51.0,769.2307692307693,2.0,0.0,0.0,0.0,1.0,0.0,0.0,0.0,1.0,0.0,0.0,3150000
1650.0,3.0,1.0,50.0,1909.090909090909,3.0,0.0,0.0,1.0,0.0,0.0,0.0,0.0,0.0,0.0,1.0,3150000
3450.0,3.0,1.0,23.0,913.0434782608696,3.0,0.0,0.0,0.0,1.0,0.0,0.0,0.0,1.0,0.0,0.0,3150000
6750.0,2.0,1.0,35.0,466.6666666666667,2.0,0.0,0.0,0.0,1.0,0.0,0.0,0.0,1.0,0.0,0.0,3150000
9000.0,3.0,1.0,42.0,350.0,3.0,0.0,0.0,0.0,1.0,0.0,0.0,0.0,1.0,0.0,0.0,3150000
3069.0,2.0,1.0,71.0,1026.392961876833,2.0,0.0,0.0,0.0,1.0,0.0,0.0,0.0,0.0,0.0,1.0,3150000
4500.0,3.0,1.0,38.0,698.4444444444445,3.0,0.0,0.0,0.0,1.0,0.0,0.0,0.0,0.0,0.0,1.0,3143000
5495.0,3.0,1.0,49.0,569.4267515923567,3.0,0.0,0.0,0.0,1.0,0.0,0.0,0.0,0.0,0.0,1.0,3129000
2398.0,3.0,1.0,66.0,1300.604670558799,3.0,0.0,0.0,0.0,0.0,1.0,0.0,0.0,1.0,0.0,0.0,3118850
3000.0,3.0,1.0,46.0,1038.3333333333333,3.0,0.0,0.0,1.0,0.0,0.0,0.0,0.0,0.0,0.0,1.0,3115000
3850.0,3.0,1.0,28.0,809.0909090909091,3.0,0.0,0.0,0.0,1.0,0.0,0.0,0.0,0.0,0.0,1.0,3115000
3500.0,2.0,1.0,67.0,890.0,2.0,0.0,0.0,0.0,1.0,0.0,0.0,0.0,0.0,0.0,1.0,3115000
8100.0,2.0,1.0,43.0,381.1111111111111,2.0,0.0,0.0,0.0,1.0,0.0,0.0,0.0,0.0,0.0,1.0,3087000
4960.0,2.0,1.0,66.0,620.9677419354839,2.0,0.0,0.0,0.0,1.0,0.0,0.0,0.0,0.0,0.0,1.0,3080000
2160.0,3.0,1.0,32.0,1425.9259259259259,3.0,0.0,0.0,1.0,0.0,0.0,0.0,0.0,1.0,0.0,0.0,3080000
3090.0,2.0,1.0,55.0,996.7637540453075,2.0,0.0,0.0,0.0,1.0,0.0,0.0,0.0,0.0,0.0,1.0,3080000
4500.0,2.0,1.0,61.0,684.4444444444445,2.0,0.0,0.0,0.0,1.0,0.0,0.0,0.0,1.0,0.0,0.0,3080000
3800.0,2.0,1.0,33.0,801.3157894736842,2.0,0.0,0.0,0.0,1.0,0.0,0.0,0.0,0.0,0.0,1.0,3045000
3090.0,3.0,1.0,55.0,974.1100323624595,3.0,0.0,0.0,1.0,0.0,0.0,0.0,0.0,1.0,0.0,0.0,3010000
3240.0,3.0,1.0,38.0,929.0123456790124,3.0,0.0,0.0,0.0,1.0,0.0,0.0,0.0,1.0,0.0,0.0,3010000
2835.0,2.0,1.0,64.0,1061.7283950617284,2.0,0.0,0.0,0.0,1.0,0.0,0.0,0.0,1.0,0.0,0.0,3010000
4600.0,2.0,1.0,34.0,654.3478260869565,2.0,0.0,0.0,0.0,1.0,0.0,0.0,0.0,0.0,1.0,0.0,3010000
5076.0,3.0,1.0,42.0,592.9866036249015,3.0,0.0,0.0,1.0,0.0,0.0,0.0,0.0,0.0,0.0,1.0,3010000
3750.0,3.0,1.0,29.0,802.6666666666666,3.0,0.0,0.0,0.0,1.0,0.0,0.0,0.0,0.0,0.0,1.0,3010000
3630.0,4.0,1.0,44.0,829.2011019283747,4.0,0.0,0.0,0.0,1.0,0.0,0.0,0.0,1.0,0.0,0.0,3010000
8050.0,2.0,1.0,53.0,373.04347826086956,2.0,0.0,0.0,0.0,1.0,0.0,0.0,0.0,0.0,0.0,1.0,3003000
4352.0,4.0,1.0,36.0,683.59375,4.0,0.0,0.0,1.0,0.0,0.0,0.0,0.0,0.0,0.0,1.0,2975000
3000.0,2.0,1.0,30.0,987.0,2.0,0.0,0.0,0.0,1.0,0.0,0.0,0.0,1.0,0.0,0.0,2961000
5850.0,3.0,1.0,28.0,502.56410256410254,3.0,0.0,0.0,0.0,1.0,0.0,0.0,0.0,0.0,0.0,1.0,2940000
4960.0,2.0,1.0,71.0,592.741935483871,2.0,0.0,0.0,0.0,1.0,0.0,0.0,0.0,0.0,0.0,1.0,2940000
3600.0,3.0,1.0,35.0,816.6666666666666,3.0,0.0,0.0,1.0,0.0,0.0,0.0,0.0,0.0,0.0,1.0,2940000
3660.0,4.0,1.0,57.0,803.2786885245902,4.0,0.0,0.0,1.0,0.0,0.0,0.0,0.0,0.0,0.0,1.0,2940000
3480.0,3.0,1.0,50.0,844.8275862068965,3.0,0.0,0.0,1.0,0.0,0.0,0.0,0.0,1.0,0.0,0.0,2940000
2700.0,2.0,1.0,38.0,1088.888888888889,2.0,0.0,0.0,1.0,0.0,0.0,0.0,0.0,0.0,1.0,0.0,2940000
3150.0,3.0,1.0,51.0,933.3333333333334,3.0,0.0,0.0,1.0,0.0,0.0,0.0,0.0,0.0,0.0,1.0,2940000
6615.0,3.0,1.0,30.0,444.44444444444446,3.0,0.0,0.0,0.0,1.0,0.0,0.0,0.0,1.0,0.0,0.0,2940000
3040.0,2.0,1.0,53.0,944.078947368421,2.0,0.0,0.0,1.0,0.0,0.0,0.0,0.0,0.0,0.0,1.0,2870000
3630.0,2.0,1.0,62.0,790.633608815427,2.0,0.0,0.0,0.0,1.0,0.0,0.0,0.0,0.0,0.0,1.0,2870000
6000.0,2.0,1.0,58.0,478.3333333333333,2.0,0.0,0.0,0.0,1.0,0.0,0.0,0.0,1.0,0.0,0.0,2870000
5400.0,4.0,1.0,40.0,531.4814814814815,4.0,0.0,0.0,0.0,1.0,0.0,0.0,0.0,0.0,0.0,1.0,2870000
5200.0,4.0,1.0,21.0,548.5576923076923,4.0,0.0,0.0,0.0,1.0,0.0,0.0,0.0,0.0,0.0,1.0,2852500
3300.0,3.0,1.0,37.0,859.0909090909091,3.0,0.0,0.0,1.0,0.0,0.0,0.0,0.0,1.0,0.0,0.0,2835000
4350.0,3.0,1.0,24.0,651.7241379310345,3.0,0.0,0.0,1.0,0.0,0.0,0.0,0.0,0.0,0.0,1.0,2835000
2640.0,2.0,1.0,37.0,1073.8636363636363,2.0,0.0,0.0,1.0,0.0,0.0,0.0,0.0,0.0,1.0,0.0,2835000
2650.0,3.0,1.0,31.0,1056.6037735849056,3.0,0.0,0.0,0.0,1.0,0.0,0.0,0.0,0.0,0.0,1.0,2800000
3960.0,3.0,1.0,47.0,707.070707070707,3.0,0.0,0.0,0.0,1.0,0.0,0.0,0.0,0.0,1.0,0.0,2800000
6800.0,2.0,1.0,60.0,401.47058823529414,2.0,0.0,0.0,0.0,1.0,0.0,0.0,0.0,0.0,0.0,1.0,2730000
4000.0,3.0,1.0,45.0,682.5,3.0,0.0,0.0,0.0,1.0,0.0,0.0,0.0,0.0,0.0,1.0,2730000
4000.0,2.0,1.0,67.0,673.75,2.0,0.0,0.0,0.0,1.0,0.0,0.0,0.0,0.0,0.0,1.0,2695000
3934.0,2.0,1.0,57.0,676.1565836298932,2.0,0.0,0.0,0.0,1.0,0.0,0.0,0.0,0.0,0.0,1.0,2660000
2000.0,2.0,1.0,24.0,1330.0,2.0,0.0,0.0,0.0,1.0,0.0,0.0,0.0,1.0,0.0,0.0,2660000
3630.0,3.0,3.0,44.0,732.7823691460055,1.0,0.0,0.0,1.0,0.0,0.0,0.0,0.0,0.0,0.0,1.0,2660000
2800.0,3.0,1.0,67.0,950.0,3.0,0.0,0.0,0.0,1.0,0.0,0.0,0.0,0.0,0.0,1.0,2660000
2430.0,3.0,1.0,45.0,1094.6502057613168,3.0,0.0,0.0,1.0,0.0,0.0,0.0,0.0,0.0,0.0,1.0,2660000
3480.0,2.0,1.0,33.0,764.3678160919541,2.0,0.0,0.0,0.0,1.0,0.0,0.0,0.0,1.0,0.0,0.0,2660000
4000.0,3.0,1.0,37.0,665.0,3.0,0.0,0.0,0.0,1.0,0.0,0.0,0.0,1.0,0.0,0.0,2660000
3185.0,2.0,1.0,61.0,832.967032967033,2.0,0.0,0.0,0.0,1.0,0.0,0.0,0.0,0.0,0.0,1.0,2653000
4000.0,3.0,1.0,43.0,663.25,3.0,0.0,0.0,0.0,1.0,0.0,0.0,0.0,0.0,0.0,1.0,2653000
2910.0,2.0,1.0,50.0,894.8453608247422,2.0,0.0,0.0,1.0,0.0,0.0,0.0,0.0,0.0,0.0,1.0,2604000
3600.0,2.0,1.0,62.0,719.4444444444445,2.0,0.0,0.0,0.0,1.0,0.0,0.0,0.0,0.0,0.0,1.0,2590000
4400.0,2.0,1.0,61.0,588.6363636363636,2.0,0.0,0.0,0.0,1.0,0.0,0.0,0.0,0.0,0.0,1.0,2590000
3600.0,2.0,2.0,52.0,719.4444444444445,1.0,0.0,0.0,0.0,1.0,0.0,0.0,0.0,0.0,1.0,0.0,2590000
2880.0,3.0,1.0,32.0,875.0,3.0,0.0,0.0,1.0,0.0,0.0,0.0,0.0,0.0,0.0,1.0,2520000
3180.0,3.0,1.0,42.0,792.4528301886793,3.0,0.0,0.0,1.0,0.0,0.0,0.0,0.0,0.0,0.0,1.0,2520000
3000.0,2.0,1.0,28.0,840.0,2.0,0.0,0.0,0.0,1.0,0.0,0.0,0.0,0.0,1.0,0.0,2520000
4400.0,3.0,1.0,29.0,564.7727272727273,3.0,0.0,0.0,0.0,1.0,0.0,0.0,0.0,0.0,0.0,1.0,2485000
3000.0,3.0,1.0,23.0,828.3333333333334,3.0,0.0,0.0,1.0,0.0,0.0,0.0,0.0,1.0,0.0,0.0,2485000
3210.0,3.0,1.0,57.0,763.2398753894081,3.0,0.0,0.0,0.0,1.0,0.0,0.0,0.0,0.0,0.0,1.0,2450000
3240.0,2.0,1.0,36.0,756.1728395061729,2.0,0.0,0.0,1.0,0.0,0.0,0.0,0.0,0.0,0.0,1.0,2450000
3000.0,2.0,1.0,69.0,816.6666666666666,2.0,0.0,0.0,0.0,1.0,0.0,0.0,0.0,0.0,0.0,1.0,2450000
3500.0,2.0,1.0,52.0,700.0,2.0,0.0,0.0,0.0,1.0,0.0,0.0,0.0,0.0,0.0,1.0,2450000
4840.0,2.0,1.0,38.0,506.198347107438,2.0,0.0,0.0,0.0,1.0,0.0,0.0,0.0,0.0,0.0,1.0,2450000
7700.0,2.0,1.0,57.0,318.1818181818182,2.0,0.0,0.0,0.0,1.0,0.0,0.0,0.0,0.0,0.0,1.0,2450000
3635.0,2.0,1.0,66.0,662.4484181568088,2.0,0.0,0.0,1.0,0.0,0.0,0.0,0.0,0.0,0.0,1.0,2408000
2475.0,3.0,1.0,54.0,961.6161616161617,3.0,0.0,0.0,0.0,1.0,0.0,0.0,0.0,0.0,1.0,0.0,2380000
2787.0,4.0,2.0,29.0,853.9648367420165,2.0,0.0,0.0,0.0,1.0,0.0,0.0,0.0,0.0,1.0,0.0,2380000
3264.0,2.0,1.0,59.0,729.1666666666666,2.0,0.0,0.0,0.0,1.0,0.0,0.0,0.0,0.0,0.0,1.0,2380000
3640.0,2.0,1.0,59.0,644.2307692307693,2.0,0.0,0.0,0.0,1.0,0.0,0.0,0.0,0.0,0.0,1.0,2345000
3180.0,2.0,1.0,35.0,726.4150943396227,2.0,0.0,0.0,0.0,1.0,0.0,0.0,0.0,0.0,0.0,1.0,2310000
1836.0,2.0,1.0,66.0,1239.1067538126363,2.0,0.0,0.0,1.0,0.0,0.0,0.0,0.0,1.0,0.0,0.0,2275000
3970.0,1.0,1.0,35.0,573.0478589420655,1.0,0.0,0.0,1.0,0.0,0.0,0.0,0.0,0.0,0.0,1.0,2275000
3970.0,3.0,1.0,25.0,573.0478589420655,3.0,0.0,0.0,0.0,1.0,0.0,0.0,0.0,0.0,0.0,1.0,2275000
1950.0,3.0,1.0,48.0,1148.7179487179487,3.0,0.0,0.0,1.0,0.0,0.0,0.0,0.0,0.0,0.0,1.0,2240000
5300.0,3.0,1.0,65.0,421.3207547169811,3.0,0.0,0.0,0.0,0.0,0.0,1.0,0.0,0.0,0.0,1.0,2233000
3000.0,2.0,1.0,65.0,711.6666666666666,2.0,0.0,0.0,1.0,0.0,0.0,0.0,0.0,0.0,0.0,1.0,2135000
2400.0,3.0,1.0,50.0,875.0,3.0,0.0,0.0,0.0,1.0,0.0,0.0,0.0,0.0,0.0,1.0,2100000
3000.0,4.0,1.0,38.0,700.0,4.0,0.0,0.0,0.0,1.0,0.0,0.0,0.0,0.0,0.0,1.0,2100000
3360.0,2.0,1.0,65.0,625.0,2.0,0.0,0.0,0.0,1.0,0.0,0.0,0.0,0.0,0.0,1.0,2100000
3420.0,5.0,1.0,43.0,573.0994152046784,5.0,0.0,0.0,1.0,0.0,0.0,0.0,0.0,0.0,0.0,1.0,1960000
1700.0,3.0,1.0,57.0,1111.764705882353,3.0,0.0,0.0,0.0,1.0,0.0,0.0,0.0,0.0,0.0,1.0,1890000
3649.0,2.0,1.0,50.0,517.9501233214579,2.0,0.0,0.0,0.0,1.0,0.0,0.0,0.0,0.0,0.0,1.0,1890000
2990.0,2.0,1.0,71.0,620.4013377926422,2.0,0.0,0.0,1.0,0.0,0.0,0.0,0.0,0.0,0.0,1.0,1855000
3000.0,2.0,1.0,43.0,606.6666666666666,2.0,0.0,0.0,0.0,1.0,0.0,0.0,0.0,0.0,0.0,1.0,1820000
2400.0,3.0,1.0,69.0,736.3125,3.0,0.0,0.0,1.0,0.0,0.0,0.0,0.0,1.0,0.0,0.0,1767150
3620.0,2.0,1.0,64.0,483.42541436464086,2.0,0.0,0.0,0.0,1.0,0.0,0.0,0.0,0.0,0.0,1.0,1750000
2910.0,3.0,1.0,65.0,601.3745704467354,3.0,0.0,0.0,1.0,0.0,0.0,0.0,0.0,0.0,1.0,0.0,1750000
3850.0,3.0,1.0,28.0,454.54545454545456,3.0,0.0,0.0,0.0,1.0,0.0,0.0,0.0,0.0,0.0,1.0,1750000
